driver_wall_seconds,fixture,full_state_scans,initialization_wall_seconds,max_abs_readout_error,max_abs_state_error,messages_delivered,peak_rss_platform_units,run_cpu_seconds,run_wall_seconds,seed,semantic_output_sha256,status,trace_path,trace_sha256,trajectory_index,transition_calls
0.014059333130717278,seed300_trajectory0,16,0.00018404237926006317,1.0880185641326534e-14,2.220446049250313e-15,105,270237696,0.009730000000000016,0.009730041027069092,300,8ab7fc694e1b77e465b8cfcbe8485c6a3bbec2364b94dbb78f2bb9fb11d9f642,PASS,raw/traces/seed300_trajectory0.jsonl,a6353283e264f386839a1295b712424c0eabe7430f30b3de40f53242534b374c,0,512
0.01314308401197195,seed300_trajectory1,16,0.00014083273708820343,7.327471962526033e-15,1.1102230246251565e-15,105,272482304,0.009436,0.009436750318855047,300,ed059feac900e1c3ca993912214c05caf52d6cc098562d755c70d3e38e18b74a,PASS,raw/traces/seed300_trajectory1.jsonl,c149374834222cdfb61a208bf963487c7903b825d3d5d0e9c691c8b066bb30dc,1,512
0.012984958942979574,seed301_trajectory0,16,0.00012470828369259834,1.3322676295501878e-14,2.3314683517128287e-15,105,272482304,0.009395000000000042,0.009395582601428032,301,46e62a857b4b3195fe1a3f7130184523defcb3ad4dc505bff9bca230d3bd853a,PASS,raw/traces/seed301_trajectory0.jsonl,44e4b604dd6713dc1ca90ee07acd853661e61a4e1508f9519bbbb9e0d47ec5c0,0,512
0.012986499816179276,seed301_trajectory1,16,0.00012120930477976799,8.881784197001252e-15,1.5265566588595902e-15,105,272482304,0.00941000000000014,0.009408750105649233,301,0f583e4eb2fe486e43ef1b517cfb394c9992ded6b6eb89d72aeca4bbe56f4eb9,PASS,raw/traces/seed301_trajectory1.jsonl,df52e4508091d0fcaf3a6df25707f30c2ad74dbd11e08790f4dc64a2be960ff9,1,512
0.012969083152711391,seed302_trajectory0,16,0.00012233387678861618,8.881784197001252e-15,2.0539125955565396e-15,105,272564224,0.009403999999999968,0.00940416706725955,302,2038712d41e6c8781e7d223ed56b06bb38e530a96fa87f663c242e72ec082d38,PASS,raw/traces/seed302_trajectory0.jsonl,03e79a84949a0f755e29a804d68324e1f6ea3eb21fcb31e7a57e2d0afec70020,0,512
0.014378792140632868,seed302_trajectory1,16,0.0001193745993077755,7.632783294297951e-15,1.9567680809018384e-15,105,272564224,0.009700000000000042,0.00976887485012412,302,6812b7478e9ae4be4b993fb88d9b37bc4119eae81f9c25762adb3be507e6f4a1,PASS,raw/traces/seed302_trajectory1.jsonl,7da8c84fbd9f886e712514456ca44cca99db3772e93a183367e30700034dbb72,1,512
0.014733999967575073,seed303_trajectory0,16,0.00015312526375055313,9.325873406851315e-15,2.2412627309620348e-15,105,272564224,0.01025699999999996,0.010305834002792835,303,c965b0d1ff65e443e162f096c6ef23156bfbfa357e2671c298e482d18bc60ff9,PASS,raw/traces/seed303_trajectory0.jsonl,8a55ccdf01a7a05cdaf6c04da53a2958de6951c25f26a5c1d3dbbe31a3cf0bf9,0,512
0.015561791136860847,seed303_trajectory1,16,0.00016983319073915482,9.769962616701378e-15,2.831068712794149e-15,105,272564224,0.011098000000000052,0.01110154204070568,303,472135b57f4694e8796ac36d24b90fafe7903103d0b1e35ccc0476486a8418a9,PASS,raw/traces/seed303_trajectory1.jsonl,e24a36ac204b8a22c90e38545de2e327b1a3dd5029c30439c54b9bb24dc3e529,1,512
0.013151041697710752,seed304_trajectory0,16,0.00015466706827282906,9.325873406851315e-15,2.5118795932144167e-15,105,272564224,0.009425000000000017,0.009424916934221983,304,a4cb698eb688e7199063f99c82075575693c6e2f3a982806af34ded70f7e3a41,PASS,raw/traces/seed304_trajectory0.jsonl,3292ffd200d99d245c77fa6c88a77812bee6d975eee63bc995e82dad759778fd,0,512
0.01448641624301672,seed304_trajectory1,16,0.00014008302241563797,2.6645352591003757e-15,7.216449660063518e-16,105,272564224,0.010504999999999987,0.010504999663680792,304,f7032f22d872ef50850d5f690c8a2bb733c253cd783d7c576b91efedd45c37a5,PASS,raw/traces/seed304_trajectory1.jsonl,10b164c9d58bbc61a8412af1d8656dd886d6009147b22fee3b4350a02383e22c,1,512
0.014454124961048365,seed305_trajectory0,16,0.00013637496158480644,9.325873406851315e-15,1.609823385706477e-15,105,272564224,0.010512000000000077,0.010511208791285753,305,6b90d5474f660def042bd00591b99f91aa3fe7002afabdd8e1e0905ea498b065,PASS,raw/traces/seed305_trajectory0.jsonl,1dbb34a02b3eb76907f4fec9ace83eba02ef59ac6b158be57ba79969a71fec6d,0,512
0.014500041026622057,seed305_trajectory1,16,0.0001372080296278,8.992806499463768e-15,1.887379141862766e-15,105,272564224,0.010539000000000076,0.01053879177197814,305,f8d6eadd104e8db00d7c7e3766d7eb4749f5997fd7caee4c4ed386d14aa8d55e,PASS,raw/traces/seed305_trajectory1.jsonl,4044ba8f006ce169c0e1c3b3f959ea5c24b19b93943221b8da3d9044ffcc9c1a,1,512
0.014476459007710218,seed306_trajectory0,16,0.0001366673968732357,5.329070518200751e-15,1.0547118733938987e-15,105,272564224,0.01052900000000001,0.010528000071644783,306,b10d4a4a7b51ca38d176cf02587efe5e506d4c19e1cdb5ec95f77e646f457a7f,PASS,raw/traces/seed306_trajectory0.jsonl,7fc02123b382d8112aba92d830c5a768f2c7a49a4ccbef007649264e402e4121,0,512
0.014641082845628262,seed306_trajectory1,16,0.00013308413326740265,6.217248937900877e-15,2.1649348980190553e-15,105,272564224,0.010646999999999851,0.010660375002771616,306,85e12cb2f951d3364a66a962b33e35677e6bbd4b2af0a42f141cea55eb363617,PASS,raw/traces/seed306_trajectory1.jsonl,434c0e854719ca52aaec2af7b4d85bfcecb3ea7afaf11c768bae9814cad18a07,1,512
0.013172291684895754,seed307_trajectory0,16,0.000134333036839962,5.329070518200751e-15,1.3322676295501878e-15,105,272564224,0.009615000000000151,0.009615375194698572,307,03612a6170a83cf08dd4a291bf1806034b3d7917003495d84e7566b613766c0b,PASS,raw/traces/seed307_trajectory0.jsonl,ba59234f41270097de719f65dc338c4f37c5346c6d519486e8470bb9ad2df688,0,512
0.014425708912312984,seed307_trajectory1,16,0.00012087495997548103,1.021405182655144e-14,1.6930901125533637e-15,105,272564224,0.010404999999999998,0.010403958149254322,307,fbbbe7c5f6f1eea985ad95c22a65671cd5198caa1f87c71f2b9cc9d0479eb3d4,PASS,raw/traces/seed307_trajectory1.jsonl,42d4d8d3ae8cde1848b806724b9916d28473d3cf1faf06e4874d6f98e2790993,1,512
0.014491207897663116,seed308_trajectory0,16,0.00013354187831282616,7.105427357601002e-15,1.7208456881689926e-15,105,272564224,0.010537000000000019,0.010537667199969292,308,cec495b188cf9a344d59bc5d8ab4e2f4831035e39e859fce7622c161199a4327,PASS,raw/traces/seed308_trajectory0.jsonl,2eb5a28b3b68d7e88bfb5f8de6a4b11144f33dd348d5c50a5b325903fb0eefd5,0,512
0.01480866689234972,seed308_trajectory1,16,0.000132750254124403,5.329070518200751e-15,1.9984014443252818e-15,105,272564224,0.010531999999999986,0.010531415697187185,308,671685552dcc829a3e3867dd9f26bce3f47e0193cdaf48bf0bb58d8522270156,PASS,raw/traces/seed308_trajectory1.jsonl,e33cbda0410f3890c2c52e714c51be5b658b17ccac910fe4f4724020fac64df1,1,512
0.015034083276987076,seed309_trajectory0,16,0.00016083428636193275,3.552713678800501e-15,1.4432899320127035e-15,105,272564224,0.010831999999999953,0.010831374675035477,309,22dc1c14e29000afeddf16702382e4913d21bd4655f3cebabf6bbd35684b5552,PASS,raw/traces/seed309_trajectory0.jsonl,b66de46f62f2e2d45f6875fccac59fccba824e371cf698ff7be645b8377c2325,0,512
0.0149764996021986,seed309_trajectory1,16,0.00014554103836417198,7.549516567451064e-15,1.5612511283791264e-15,105,272596992,0.010845999999999911,0.01086733303964138,309,109572e0d5722fd90843865b70e7a45c2b129e75804969eff1620c1513f362b6,PASS,raw/traces/seed309_trajectory1.jsonl,e479b4da11bd37b4ff902d99862776e3e19b5169d4c30de83ea6b36741ab765a,1,512
