path,sha256
result/v0.6.0/checkpoints/cell_state.pt,b8df57150d9030f2690eb11a7977af8c7b629e43eec228678d186d2c102168c5
result/v0.6.0/checkpoints/influence_mlp_state.pt,d380f5718e5b3167bb973153a2b326c211d10c98dc85a56f08ec37f02cec0f53
result/v0.6.0/checkpoints/predictor_standardization.npz,ea5a73e93c44cfb1d427e52f0f645fc9f9a643d2462c6d861f75b61946dec71a
result/v0.6.0/logs/cell_training_epochs.csv,a5efc1b731aa3eb4bf33a9e426414cf7685b6165f49ae6981ba1ddc2abf9ff8b
result/v0.6.0/logs/predictor_training_epochs.csv,103d19769fc63efa9276fa1fb19995263cf9350b466a8272ad73f17ac863ac9c
result/v0.6.0/logs/run.log,e3b0c44298fc1c149afbf4c8996fb92427ae41e4649b934ca495991b7852b855
result/v0.6.0/manifests/environment.json,86c4ff740203f38e0364956ff7e4f26269fbebb4abfc6b33f96f86973d893151
result/v0.6.0/manifests/input_teacher_hashes.csv,e710124ef3b4caf70bcef605b3354c9adb0bc45a5b4a778c463f2be9694f2a8d
result/v0.6.0/raw/cell_test_trajectory_metrics.csv,e5e91025aad6741c42e8b4207bda7d8a6c2a38ab4be28184828ef3d0eb32e9be
result/v0.6.0/raw/counterfactual_labels_test.csv,60a80c558e63766c21fb7a876124adb419bc00103ecfd796a0faa9bdefe0217c
result/v0.6.0/raw/counterfactual_labels_train.csv,ca36c37ca4977d0f563fda9ce3b4e1e44e0a19331c76c26fe28eb65a53c0c409
result/v0.6.0/raw/counterfactual_labels_validation.csv,9fbb4ca030e2f61cf1ef1790a6202179856aa53c39d45e9237e55c34c9f3140f
result/v0.6.0/raw/test_predictions.csv,ee981aacdb2b68fb5cff6b4bac3f8900de0ce5126eb7ce26ec586e2ff95a8d14
result/v0.6.0/raw/test_seed_metrics.csv,f2c0a951b22548c5c9b3c3ae2bc074c62f32e592195e6d6c849d35ffa7ed1200
result/v0.6.0/raw/test_trajectory_metrics.csv,d62afde7e944b5c670fee968ae8d6225979658ac981f3463336994aaf4af4333
result/v0.6.0/source_hashes.csv,a942be3bf29db1393fdc37a906eed09a3887b3a0419582911c3261136ca16870
result/v0.6.0/v0.6_seed_results.csv,f2c0a951b22548c5c9b3c3ae2bc074c62f32e592195e6d6c849d35ffa7ed1200
result/v0.6.0/v0.6_summary.json,fc6016dba20804ff989c71369c97c1240c834ff2aa77d089b2b439cefdfae85c
