path,sha256,bytes
model/v0.3.5/README.md,08d14a6403cc942c2ac14e64b36d574063db32e82246764c31ce61f4bab30b1b,489
model/v0.3.5/WP2_README.md,d573b04db9791c5ae9bdff001371a2b88f116e4bb7753666cd06f3c1101c0a0e,742
model/v0.3.5/configs/dynamics/default.yaml,619bdd76d49890a620a874062360ea4e10b13b67f6cb18d2c43b23e39b40c7ef,122
model/v0.3.5/configs/graphs/synthetic.yaml,1446b258356c6963e1ac66eb5ef12c069a4a1c2fdd927feb44e95274d599cc7f,117
model/v0.3.5/configs/hardware/cpu.yaml,ce2e5aa6553171f636e7564b7fda7f21c29ab5a888548a9ce0384b5450516c24,51
model/v0.3.5/configs/tasks/tasks.yaml,f7f5d927d5ec78d1f91a835477e8bb1533c04c629d709cb39331b6e6b087e9db,103
model/v0.3.5/contracts/V03_1_CONTRACT_DRAFT.yaml,7e27b959de07d82e7c2b242d9fc2a66f374f2ba3ae1d116087a5c7cb4dee6987,1936
model/v0.3.5/contracts/V03_2_ODE_SEGMENT_DIAGNOSTIC.yaml,a522659d33761836862698156851f80ed5243f1590f822e48840f29aba3e99dc,1064
model/v0.3.5/contracts/V03_2_SMOOTH_GATE_DIAGNOSTIC.yaml,ab491c72e2823bd59e7da13fa62af1213397ab19ee4a26bf5339ff6d440a7961,991
model/v0.3.5/contracts/V03_3_ODE_SEGMENT_CALIBRATION.yaml,82c0113e5f537265e9d186a549b50c86f17338b193e8b266c14854d25286ce1b,1887
model/v0.3.5/contracts/V03_4B_EXACT_INPUT_CALIBRATION.yaml,0a40406a4ebe1d65f94bfcd307fb6f5ee5fde71207419f15112d6dd386faac90,1985
model/v0.3.5/contracts/V03_4C_KNOWN_FAILURE_DIAGNOSTIC.yaml,3275036e8c090458faf159a98198fef0d857ad12195ae1b0b37863f7d15390b9,847
model/v0.3.5/contracts/V03_4D_KNOWN_FAILURE_INTERVAL_DIAGNOSTIC.yaml,186ea8fc50cc2137f219fdec63f873557fe7f371968e3019ee6404b3850a0b0d,839
model/v0.3.5/contracts/V03_4E_EXACT_INPUT_CALIBRATION.yaml,647988deb29a0dda054ba8a286e185a7e76be33c43e72d700cfa4d94ca605cd5,1920
model/v0.3.5/contracts/V03_4F_BROADCAST_BATCH_DIAGNOSTIC.yaml,2975f6af91876ade2cdefcc7ae9696b17091b30ac3705aaf6178fb8202cf8b09,1028
model/v0.3.5/contracts/V03_4G_LOCAL_TOLERANCE_DIAGNOSTIC.yaml,a6a7112de69b8b2aa967bfa1b1c549db6c3e4e08d535fc74610a579df4d07795,943
model/v0.3.5/contracts/V03_4H_FAST_LOCAL_TOLERANCE_CALIBRATION.yaml,2b031c90b4ddba6e476e3fcc1a0c05d96f8669def3647942d14f0cdb77286ad7,1611
model/v0.3.5/contracts/V03_4I_CONFIRMATORY.yaml,98e734a02a020fefa7597283572ca6c3ab3e6c826232ef505f11050464bd37a9,1651
model/v0.3.5/contracts/V03_4I_LOCAL_BATCH2_CALIBRATION.yaml,0587a37039ddeb785d5c14b035ca5415d5fda0634598880172f2df0d06dc8db8,1811
model/v0.3.5/contracts/V03_4_EXACT_INPUT_CALIBRATION.yaml,c9b7391620ca504fed8b8e39dc5234cc53dffbb7c399ff6d02411c1cb161819d,2211
model/v0.3.5/contracts/V03_CONTRACT.yaml,e403bf611630cd89fd31cd49fe4961bd43d88df789cb966915b49460ee59c55c,2749
model/v0.3.5/contracts/V03_WP2_INFLUENCE_v1.yaml,f81da88afa5bc6d3a5ae204132f7afa74b32a00afdf7ecc6a1e2fc0f43574328,7546
model/v0.3.5/experiments/WP1_v034i/calibrate_local_batch2.py,ea37cc6f568da2b47e75c404089c5e7066ceb2990bd07d881e6f29a1994c1c7b,6484
model/v0.3.5/experiments/WP1_v034i_confirm/run_confirmatory.py,62d2bd0e6170c2292606e16540b4422eb3e74b38a6d07b19923f58c92ff29e00,6332
model/v0.3.5/experiments/WP2/analyze_labels.py,6afd40e13b0d317479b23186a67a856d0d75ef56963e3106aeb63445f3c143df,17028
model/v0.3.5/experiments/WP2/generate_labels.py,a4d4390180f5ab73a4e049108fa785ea4337c225735e59178a78bebef10fbc19,11537
model/v0.3.5/experiments/WP2/run.py,f85dd8e221800d840dcfd1800447121f65dc7e01d0881304f40f3c033eb3f187,249
model/v0.3.5/experiments/WP2/run_experiment.py,422a9b1eb67f7f85e3f2dd6e45920034c9322ce7c00eb750fd9c102b497db725,3324
model/v0.3.5/pyproject.toml,3249f28636cbbbfdbc2250e22b90871a7a881322cef98e7b32d410b4aa553efe,658
model/v0.3.5/requirements-lock.txt,8163914de4e0283b6cb690aa792e9df23efc4a133627b913895541b9c20b827e,74
model/v0.3.5/requirements.lock,aec9b63eedbf45049184e7eed8a0edace68ac30c3ecb85ccbba58f4decb0230c,249
model/v0.3.5/src/dynamics/graphs.py,fb04794c510bc5d2511b8ec46540da1433767a91bb2dd15efd47dbbaa5341ddf,894
model/v0.3.5/src/dynamics/system.py,c502048f75b146b50bc65afd374e2d574f349eb45f6e17a8ee40f0993894131d,646
model/v0.3.5/src/dynamics/tasks.py,bfa5d2b331f97e70541eebc8ba124548794d2cb4f45b3cd609a70970c5a486af,1053
model/v0.3.5/src/events/inputs.py,eecd35cd0a78d2f14428a42a451d41e1fb1aed5a78a27f61bcb6de189e0c15ff,1538
model/v0.3.5/src/events/ode_segment_scheduler.py,67df7cfb70c734db0dfb6833148cac4545d78fdfaf5a17770deb222fab420a3d,9675
model/v0.3.5/src/events/predictive_scheduler.py,a053c4bdac340230c107715042187d6b7418a02c74a094f440969bf119cb298d,5269
model/v0.3.5/src/events/scheduler.py,612652af2987b188dac8de536e918cebb8b9b7c80e79107f7bd6d8c320e0be6c,4967
model/v0.3.5/src/events/segment_scheduler.py,668f77b6e43cc2be7508e4af1466db1abf6bbf6432793e951caa07a387e1958c,5313
model/v0.3.5/src/events/segment_scheduler_v2.py,b46b7a40b48c05abc94cc40dd4b23e48dccd7ac778117f7515faab361e41851a,4623
model/v0.3.5/src/ircn/__init__.py,b8f4f02a6269cc659e0bb80d7ac07fa2a501b801bf049860063ed664a0fd5a7a,58
model/v0.3.5/src/ircn/__main__.py,3129adff95e0f38b87ab34cddfc27082c7892bcaec267ff5d40f160fdf55b44a,61
model/v0.3.5/src/ircn/cli.py,4cd92d5252036a97583621335b930468c7bd7b89ed4c844c1d3936a28a01cd1e,622
model/v0.3.5/src/ircn/core.py,15bcaa67a802e8ac8280fc8e4ee64ef90035012bacd792101d46cd76e89835c9,16552
model/v0.3.5/src/ircn/experiment.py,15cbdd05bb344e692029fd0db97b8bd5c024514c90dd79f8097de2033d6f68fe,22191
model/v0.3.5/src/ircn/stats.py,0d4ea1d4a0dce15852643004ecf899e2bf72a458740d77b5b91dc063dd857062,6358
model/v0.3.5/src/ircn/v03/__init__.py,61b4eaa77c897f0c127c683e34ed0e40dcc6f8bf4dc1e361ec937f79779a5d87,34
model/v0.3.5/src/ircn/v03/gates.py,a89d42ea8cdb851664b55c769899827e8814581be008ed7bacf2f5cdbeb39cce,1797
model/v0.3.5/src/ircn_v03.py,a6324df646cddebed9645878f8b10266548e8acf6519c78faf1d6a5fe8d1d7a4,262
model/v0.3.5/src/solvers/adaptive.py,07507aae5dd62227cfc5900e04f80f947c1210b7aef26879e22144937742f4ba,373
model/v0.3.5/src/solvers/oracle.py,9ebea48726cded0ce84b867bfb735c9fbae47aceb321b489c056625fab3d3019,869
model/v0.3.5/src/solvers/synchronous.py,8fdb29d659669b061c8ca904487bc7c7ebd42efc8686c385b8de228f6d57c914,560
model/v0.3.5/tests/test_causality/test_broadcast_batch_equivalence.py,4f9e95bb11d84029d0ea553926b4e78c31f5b205437755e809c50287f332a408,2812
model/v0.3.5/tests/test_causality/test_exact_exogenous_input.py,fceaca1d72860c4f2d036530cbb4fb83844b57b80b3660d4aecaa19e58a980b5,1508
model/v0.3.5/tests/test_causality/test_input.py,5801772185a86f60282ba6df23cf56fae72d77d08b11928d270961c75c1dc5a3,343
model/v0.3.5/tests/test_causality/test_message_payload.py,91ad2793383e0161d439fd176fe8e68a6425f1eae94f2cb976698ef28e38c4d9,879
model/v0.3.5/tests/test_causality/test_ode_segment_initialization.py,cd0b23aca94a57a46ec3b520901f21b87bb6b6fa97b5664f60f6c281ca06de79,698
model/v0.3.5/tests/test_causality/test_ode_segment_refresh_publication.py,37510878095e160774cc056c745ca15b7efe023b12cb341eb5c2226e95c8c4bc,1253
model/v0.3.5/tests/test_causality/test_queue.py,e2c7a1c38fda2d4c75c006b37403e391712f914df6179399a080c84744e0a1d7,244
model/v0.3.5/tests/test_convergence/test_prediction.py,bdc872ea66efcb8c21154700234b684f5d67ecbcf48ec038bbe24b7c24e22d76,366
model/v0.3.5/tests/test_convergence/test_scheduler.py,375edbfd1251a864b064b48389b51053cf5cd62a42118a77728bdcb1b0dc2adf,772
model/v0.3.5/tests/test_costs/test_instrumentation.py,ecbc43077a7b431b5f5eeed7081c5f68d163c6a6e379b57c493219c64fe5d92e,507
model/v0.3.5/tests/test_gates.py,6d710156094a6e5b7b09d1deb4a18dd879ce8717f6a40d5d69ad50e51841103c,8267
model/v0.3.5/tests/test_gates_v03/test_downstream_gate.py,aa2b105e586efe65fd6bea38d9be6906c51aa7df1c4bf175b047379aa073f382,943
model/v0.3.5/tests/test_influence/test_raw_label_integrity.py,412858b9750d996dab5650d30dff8b7a3c2ab37309d68501ff666bce5939ef28,334
model/v0.3.5/tests/test_influence/test_wp2_label_semantics.py,5bc8076903a2400eea331cd46c9aff7310b20dab68e0f19c602b9ad54992aaa3,3421
model/v0.3.5/tests/test_influence/test_wp2_sampling_determinism.py,66ee0ee415bd022777ec9751f26575a635ee825888947d9a9bbfbebbe06d5afc,618
model/v0.3.5/tests/test_oracle/test_discontinuity.py,adcc5f7b54a2bf68e102fb766cda55b27a9de9a322fe1b009f9b4ebf968cda71,229
model/v0.3.5/tests/test_oracle/test_input_pulse_boundaries.py,6ccf2df6e5c35395430781664eafb42e7c4bc0fe692b420763304f0c31ee6c9b,624
model/v0.3.5/tests/test_oracle/test_numerical.py,ae9b0ddabbfc4e248258c9c6ef13e1b83bf3c991a9f706fc6289dbc1a055cef9,708
model/v0.3.5/tests/test_oracle/test_oracle_discontinuity_endpoint.py,1910b98a09df10f4a06e37dae42587f46416cea53772b6499d9c4ff6fd1f9eae,791
model/v0.3.5/tests/test_oracle/test_sparse_input_mapping.py,08fe83474b18ce375df8f8091d623bf0970ac1547db926950938f614626d4655,826
model/v0.3.5/tests/test_stats.py,5b93eaba79b1aecd8c807f3753f64d1db78ca85688832d0125d2939bf8fa12f5,285
result/v0.3.5/WP1_parent/WP1_STAGE_REPORT.md,f98fee95d24e1877c90f753b447049d3d5325fdc95ad77a7f57e2a255b8a2bd1,1087
result/v0.3.5/WP1_parent/calibration_decision.md,7e2c375efefa96525bf552b4e73cfe9c8cd4ac41367b9be38f73c42a0e4954fc,1545
result/v0.3.5/WP1_parent/confirmatory.json,6d116448a2bf26517881e1e6ced10435d88494eeb4671a51b00991ee06ea9aeb,1207
result/v0.3.5/WP2/INFLUENCE_VALIDITY_REPORT.md,ae2535340501f2fa7fdc9574160fb9177236629f1e493b1904df22142cf3b1ea,4833
result/v0.3.5/WP2/V03_WP2_INFLUENCE_v1.yaml,f81da88afa5bc6d3a5ae204132f7afa74b32a00afdf7ecc6a1e2fc0f43574328,7546
result/v0.3.5/WP2/protocol_manifest.json,11b473df31c4a0de7236aa16c3ab1ba3c568e744c298dd4eaa6b2f5377cf34c0,276
result/v0.3.5/WP2/run_v1/analysis.json,8692e442f86e7e9f828a8a3557c70979798e79a6fbd455bc08d8a9d1e59a08fa,3396
result/v0.3.5/WP2/run_v1/analysis_execution_manifest.json,f2d93e713e043520deaabd9377d318baf27a5fda3103656d0f8d946e34fae12a,1059
result/v0.3.5/WP2/run_v1/attempts.jsonl,3197332d8092dddd812ea0b0dbebfb28aa4fa14b233243d20e7c9343ca3cea9b,1809
result/v0.3.5/WP2/run_v1/bootstrap_cluster_differences.csv,b53f604f9fc2e9bb5792b2b1c3152319a6b46dc92293d4a3a4b7633b12d47377,739
result/v0.3.5/WP2/run_v1/costs.csv,cc8902c4b9288ccc943dfcb5caeb05902375fd1a8280609f7f74704dd2aa97bd,58870
result/v0.3.5/WP2/run_v1/failures.json,37517e5f3dc66819f61f5a7bb8ace1921282415f10551d2defa5c3eb0985b570,3
result/v0.3.5/WP2/run_v1/failures.jsonl,e3b0c44298fc1c149afbf4c8996fb92427ae41e4649b934ca495991b7852b855,0
result/v0.3.5/WP2/run_v1/instances.jsonl,85a2af8334992fdd360429780dbcc134cb9267ed6ec39cf9fb91a4c83141a20e,660092
result/v0.3.5/WP2/run_v1/labels_manifest.json,5037fce30156019ca2cb4ca81ca59da4e174db31fcd48f2b3e60d14cde2dd62b,2349
result/v0.3.5/WP2/run_v1/labels_raw.jsonl,683b3fb5182dc86420ba9f1a545344bc33b685f9bd20732eb404b37d4d758ed9,82768192
result/v0.3.5/WP2/run_v1/metrics.csv,ff82cc25e1a706d0c6f3d19c15d6add412e469174475ea73bf860d570f2ed428,421291
result/v0.3.5/WP2/run_v1_attempt1_failed_implementation/attempt_status.json,a36ec9b33f0288c2dcb8b6fce599478f54c9fa079dfe033cf922e7cd56feadff,6761
result/v0.3.5/WP2/run_v1_attempt1_failed_implementation/failures.jsonl,f3419645f87fe8512a6f1e155d6d6553e23f6b040f06fc81cde79336c6266401,5817
result/v0.3.5/WP2/run_v1_attempt1_failed_implementation/instances.jsonl,e3b0c44298fc1c149afbf4c8996fb92427ae41e4649b934ca495991b7852b855,0
result/v0.3.5/WP2/run_v1_attempt1_failed_implementation/labels_raw.jsonl,e3b0c44298fc1c149afbf4c8996fb92427ae41e4649b934ca495991b7852b855,0
result/v0.3.5/WP2/status.json,e600bce1d93a860f3b5e3f4cb77df4935f3b9efc3be0083e580f48f63920eb58,321
result/v0.3.5/project_status/WORK_PACKAGE_STATUS.md,843782ed54710080128072d7a3e8ce2fa2ae68575013bbf42ad970cfd1bc1a5b,1305
