graph,n,task,seed,contract_sha256,method,input_sha256,driven_count,nonzero_U_rows,wall_seconds,nrmse,max_abs,rhs_evaluations,event_count,queue_pushes,message_deliveries,oracle_nfev,failure
chain,16,smooth,401,0587a37039ddeb785d5c14b035ca5415d5fda0634598880172f2df0d06dc8db8,causal_local_batch2,a3a4097c51aa25fcbfdda293b8e2ffe0edfb8ff2c470da25cd5115d3e2c45be2,1,1,1.184657041914761,8.448650406354215e-10,1.7215135914017132e-10,28369,6358,4744,1513,389,
chain,16,smooth,409,0587a37039ddeb785d5c14b035ca5415d5fda0634598880172f2df0d06dc8db8,causal_local_batch2,7fb79ef8181ac7c17dcc12c4edef88b463f9ad18c0c8570f812a2364de7c5a66,1,1,1.2013311251066625,5.6068175187332e-10,5.0771085848954484e-11,28354,6361,4746,1514,392,
chain,16,sparse_pulse,401,0587a37039ddeb785d5c14b035ca5415d5fda0634598880172f2df0d06dc8db8,causal_local_batch2,9f52c53d555b5401c644bf9a63b1ae1770210994f45c3af6e8079f7c47a01bf3,1,1,1.4314035000279546,9.336117368659997e-10,1.723657178358956e-10,35665,6415,4783,1531,5570,
chain,16,sparse_pulse,409,0587a37039ddeb785d5c14b035ca5415d5fda0634598880172f2df0d06dc8db8,causal_local_batch2,ef000830045ec8160e7d68654a8b7aadfdb7f1b9fa8484894d592cac085380c3,1,1,1.3718107920140028,5.643404813861364e-10,5.07710859573747e-11,33361,6418,4785,1532,4712,
chain,16,dense_burst,401,0587a37039ddeb785d5c14b035ca5415d5fda0634598880172f2df0d06dc8db8,causal_local_batch2,81c91bc576aa87081496ac970a065ad044dfd8333e92aaf94d6e1a345ec5aef7,1,1,2.6845342498272657,9.306061114162856e-10,1.723657178358956e-10,81103,6959,5171,1687,43081,
chain,16,dense_burst,409,0587a37039ddeb785d5c14b035ca5415d5fda0634598880172f2df0d06dc8db8,causal_local_batch2,833344a9e205c966cb25d6e0a16cb64ef06224e70fc5e349a7b60674f0ad3160,1,1,2.3561553331092,5.753030691937909e-10,5.07710859573747e-11,68545,6962,5173,1688,34246,
chain,16,state_switch,401,0587a37039ddeb785d5c14b035ca5415d5fda0634598880172f2df0d06dc8db8,causal_local_batch2,a283771e17fa1512d5b589b9ce05ff5bcbb9d93f06aa4c34c435f645e24cf0bd,1,1,1.5595427500084043,9.5385085086284e-10,1.7415414943489083e-10,41999,6478,4829,1548,11632,
chain,16,state_switch,409,0587a37039ddeb785d5c14b035ca5415d5fda0634598880172f2df0d06dc8db8,causal_local_batch2,ccbd34b4e8a143d308d3e371a7b696101685548b52368b38c83ea3e28a0d691e,1,1,1.4634279171004891,5.676930294329133e-10,5.077108563211405e-11,38480,6481,4831,1549,9643,
chain,64,smooth,401,0587a37039ddeb785d5c14b035ca5415d5fda0634598880172f2df0d06dc8db8,causal_local_batch2,ead1ebbc04f9c490742c7946609ccf2166fa963765ad34f37ff7afc295852b15,4,4,4.912720624823123,1.4416283262020107e-09,5.443092380898878e-10,113662,25750,19288,6361,524,
chain,64,smooth,409,0587a37039ddeb785d5c14b035ca5415d5fda0634598880172f2df0d06dc8db8,causal_local_batch2,9f6068a82a8e0baa83544ef559c7cb5908e901ab4313c97321e704df98d7c67b,4,4,4.8769505000673234,7.969090644414104e-10,2.0267130085727808e-10,113662,25753,19290,6362,437,
chain,64,sparse_pulse,401,0587a37039ddeb785d5c14b035ca5415d5fda0634598880172f2df0d06dc8db8,causal_local_batch2,624fbfbb1e3c6bbc8c46bb30b38d350413ce819774b5ff18c10be24caadcd5b7,4,4,5.66026220889762,1.5073380154896399e-09,5.443092396077709e-10,137898,25984,19445,6438,5750,
chain,64,sparse_pulse,409,0587a37039ddeb785d5c14b035ca5415d5fda0634598880172f2df0d06dc8db8,causal_local_batch2,969272e28bae416b1d46f9f42de4f528aa6beb327d02fc95176cd717601c68ec,4,4,5.598802916705608,7.861721989718182e-10,2.026712997730759e-10,136848,25987,19447,6439,5384,
chain,64,dense_burst,401,0587a37039ddeb785d5c14b035ca5415d5fda0634598880172f2df0d06dc8db8,causal_local_batch2,960564869bb312fa85075d605ddeace40e2855a24c0152ea51b7b693f598654c,4,4,9.412991249933839,1.521615009411863e-09,5.443092396077709e-10,259325,28142,20957,7084,41734,
chain,64,dense_burst,409,0587a37039ddeb785d5c14b035ca5415d5fda0634598880172f2df0d06dc8db8,causal_local_batch2,f727162de97b62eb331cf7b3105a6b029ae095800e6d7544726d04c6d73c6946,4,4,9.017205791082233,9.437329290554311e-10,2.212374519694471e-10,249286,28121,20943,7077,39976,
chain,64,state_switch,401,0587a37039ddeb785d5c14b035ca5415d5fda0634598880172f2df0d06dc8db8,causal_local_batch2,8490091cb00d68866fdcdf80067b404e2ee120e6edd55ed525ae016b0fc6bf16,4,4,5.863010374829173,1.4794042489760592e-09,5.443092400414518e-10,149702,26209,19607,6501,11323,
chain,64,state_switch,409,0587a37039ddeb785d5c14b035ca5415d5fda0634598880172f2df0d06dc8db8,causal_local_batch2,d48bcf51aae5e10c5a0d40c4db865167464c2a2a5337b0e8b067994d42324009,4,4,5.916552583221346,8.116382176236166e-10,2.0267130313410264e-10,146993,26212,19609,6502,10909,
chain,128,smooth,401,0587a37039ddeb785d5c14b035ca5415d5fda0634598880172f2df0d06dc8db8,causal_local_batch2,7f2e2a578d33509cb2ea420a898072a531d86e4d1e28b7d3e8ee27749f1902de,7,7,9.764523790683597,9.515145146167227e-10,2.792268216232803e-10,229456,51654,38712,12841,524,
chain,128,smooth,409,0587a37039ddeb785d5c14b035ca5415d5fda0634598880172f2df0d06dc8db8,causal_local_batch2,c4676c4dab5d52790a1a94771b8387e1f5bd3560226d82e941d5d7627fbaf219,7,7,9.673474417068064,9.77578261886452e-10,2.5977107531022225e-10,227876,51630,38696,12833,566,
chain,128,sparse_pulse,401,0587a37039ddeb785d5c14b035ca5415d5fda0634598880172f2df0d06dc8db8,causal_local_batch2,d3bcd8096ebd829245568d405cd3ed6425fc12871d55a7059a28284f55e1a6ae,7,7,11.161204167176038,1.0052702103960213e-09,2.7922682148097877e-10,276641,52119,39023,12995,5399,
chain,128,sparse_pulse,409,0587a37039ddeb785d5c14b035ca5415d5fda0634598880172f2df0d06dc8db8,causal_local_batch2,f9538376027a76a8e5b953b78d9bf49d96fc648f191af9892da675a493441f98,7,7,11.206331457942724,1.0252143204362288e-09,2.597712359889842e-10,271634,52092,39005,12986,5264,
chain,128,dense_burst,401,0587a37039ddeb785d5c14b035ca5415d5fda0634598880172f2df0d06dc8db8,causal_local_batch2,592d91bda595095187e2bd485f8bf0c58573e40bd5d6fdc25a201efd6ba1d3c7,7,7,17.939238750375807,1.0486661652722858e-09,2.7922682148097877e-10,505956,55864,41641,14122,38401,
chain,128,dense_burst,409,0587a37039ddeb785d5c14b035ca5415d5fda0634598880172f2df0d06dc8db8,causal_local_batch2,017e3a7d423612ae0eaa58edb421d5624918f5139a1fefc6ecb49ec2e1735ac0,7,7,17.312717207707465,1.0575654027691597e-09,2.597712359889842e-10,483238,55924,41681,14142,38296,
chain,128,state_switch,401,0587a37039ddeb785d5c14b035ca5415d5fda0634598880172f2df0d06dc8db8,causal_local_batch2,9f5b6c0031be0d08670299076e0da9304b31dfb214b120902337c655ce837504,7,7,11.565312250051647,1.040620023903203e-09,2.7922682156229393e-10,295898,52437,39255,13081,10693,
chain,128,state_switch,409,0587a37039ddeb785d5c14b035ca5415d5fda0634598880172f2df0d06dc8db8,causal_local_batch2,a19e08f1e03b9ad5afd3a2f2688c2767cab2646169e53245ce5c3786f3d7fa88,7,7,11.52978854207322,1.051552637180207e-09,2.597710692386901e-10,293084,52449,39263,13085,11038,
star,16,smooth,401,0587a37039ddeb785d5c14b035ca5415d5fda0634598880172f2df0d06dc8db8,causal_local_batch2,a3a4097c51aa25fcbfdda293b8e2ffe0edfb8ff2c470da25cd5115d3e2c45be2,1,1,1.641841792035848,3.372321469126606e-11,8.875320888380306e-12,28416,7879,4849,3030,389,
star,16,smooth,409,0587a37039ddeb785d5c14b035ca5415d5fda0634598880172f2df0d06dc8db8,causal_local_batch2,7fb79ef8181ac7c17dcc12c4edef88b463f9ad18c0c8570f812a2364de7c5a66,1,1,1.6787610002793372,4.665379595764326e-11,3.6299127766092898e-12,28416,7879,4849,3030,392,
star,16,sparse_pulse,401,0587a37039ddeb785d5c14b035ca5415d5fda0634598880172f2df0d06dc8db8,causal_local_batch2,9f52c53d555b5401c644bf9a63b1ae1770210994f45c3af6e8079f7c47a01bf3,1,1,2.1647981251589954,1.113670411837583e-10,2.3118510578123974e-11,38576,8305,5092,3255,5861,
star,16,sparse_pulse,409,0587a37039ddeb785d5c14b035ca5415d5fda0634598880172f2df0d06dc8db8,causal_local_batch2,ef000830045ec8160e7d68654a8b7aadfdb7f1b9fa8484894d592cac085380c3,1,1,2.1325501669198275,8.474689056625769e-11,9.688454645349247e-12,37328,8203,4996,3165,4508,
star,16,dense_burst,401,0587a37039ddeb785d5c14b035ca5415d5fda0634598880172f2df0d06dc8db8,causal_local_batch2,81c91bc576aa87081496ac970a065ad044dfd8333e92aaf94d6e1a345ec5aef7,1,1,7.373910875059664,1.1440820123220517e-10,3.0510412772633e-11,96153,11993,7072,5019,43669,
star,16,dense_burst,409,0587a37039ddeb785d5c14b035ca5415d5fda0634598880172f2df0d06dc8db8,causal_local_batch2,833344a9e205c966cb25d6e0a16cb64ef06224e70fc5e349a7b60674f0ad3160,1,1,6.981196333188564,8.749786321547406e-11,1.7922631261046984e-11,102168,11755,6848,4809,34111,
star,16,state_switch,401,0587a37039ddeb785d5c14b035ca5415d5fda0634598880172f2df0d06dc8db8,causal_local_batch2,a283771e17fa1512d5b589b9ce05ff5bcbb9d93f06aa4c34c435f645e24cf0bd,1,1,3.056989709381014,1.1057556492467524e-10,3.345207097438241e-11,44015,8825,5368,3499,11917,
star,16,state_switch,409,0587a37039ddeb785d5c14b035ca5415d5fda0634598880172f2df0d06dc8db8,causal_local_batch2,ccbd34b4e8a143d308d3e371a7b696101685548b52368b38c83ea3e28a0d691e,1,1,2.897228082641959,1.3447212052776076e-10,2.0190047984175452e-11,44618,8723,5272,3409,9505,
star,64,smooth,401,0587a37039ddeb785d5c14b035ca5415d5fda0634598880172f2df0d06dc8db8,causal_local_batch2,ead1ebbc04f9c490742c7946609ccf2166fa963765ad34f37ff7afc295852b15,4,4,6.763161915820092,1.5199304506620653e-10,1.8567083200776713e-11,113694,32119,19393,12726,455,
star,64,smooth,409,0587a37039ddeb785d5c14b035ca5415d5fda0634598880172f2df0d06dc8db8,causal_local_batch2,9f6068a82a8e0baa83544ef559c7cb5908e901ab4313c97321e704df98d7c67b,4,4,6.7598815420642495,4.348454180063911e-09,4.990770214631512e-10,111742,32054,19329,12663,419,
star,64,sparse_pulse,401,0587a37039ddeb785d5c14b035ca5415d5fda0634598880172f2df0d06dc8db8,causal_local_batch2,624fbfbb1e3c6bbc8c46bb30b38d350413ce819774b5ff18c10be24caadcd5b7,4,4,8.37868587533012,1.8258260646332588e-10,6.838188348901042e-11,143261,33841,20356,13671,5618,
star,64,sparse_pulse,409,0587a37039ddeb785d5c14b035ca5415d5fda0634598880172f2df0d06dc8db8,causal_local_batch2,969272e28bae416b1d46f9f42de4f528aa6beb327d02fc95176cd717601c68ec,4,4,8.303707874845713,1.2754853051664143e-10,1.5948496689954794e-10,135173,33451,19972,13293,5345,
star,64,dense_burst,401,0587a37039ddeb785d5c14b035ca5415d5fda0634598880172f2df0d06dc8db8,causal_local_batch2,960564869bb312fa85075d605ddeace40e2855a24c0152ea51b7b693f598654c,4,4,28.223939542192966,2.8436480114371587e-10,7.803074852930081e-11,290670,49801,29072,22083,41263,
star,64,dense_burst,409,0587a37039ddeb785d5c14b035ca5415d5fda0634598880172f2df0d06dc8db8,causal_local_batch2,f727162de97b62eb331cf7b3105a6b029ae095800e6d7544726d04c6d73c6946,4,4,25.517038458026946,2.983839998902527e-10,1.4535195269615997e-10,275775,47851,27152,20193,39748,
star,64,state_switch,401,0587a37039ddeb785d5c14b035ca5415d5fda0634598880172f2df0d06dc8db8,causal_local_batch2,8490091cb00d68866fdcdf80067b404e2ee120e6edd55ed525ae016b0fc6bf16,4,4,11.969518082682043,6.348296098960437e-10,6.929120471843575e-11,150777,35945,21424,14695,11716,
star,64,state_switch,409,0587a37039ddeb785d5c14b035ca5415d5fda0634598880172f2df0d06dc8db8,causal_local_batch2,d48bcf51aae5e10c5a0d40c4db865167464c2a2a5337b0e8b067994d42324009,4,4,11.461628542281687,3.1660705079590755e-10,1.9261389705427234e-10,151098,35555,21040,14317,11029,
star,128,smooth,401,0587a37039ddeb785d5c14b035ca5415d5fda0634598880172f2df0d06dc8db8,causal_local_batch2,7f2e2a578d33509cb2ea420a898072a531d86e4d1e28b7d3e8ee27749f1902de,7,7,13.63887962512672,1.1101960502099346e-09,1.3471145900167958e-10,227475,64439,38785,25654,362,
star,128,smooth,409,0587a37039ddeb785d5c14b035ca5415d5fda0634598880172f2df0d06dc8db8,causal_local_batch2,c4676c4dab5d52790a1a94771b8387e1f5bd3560226d82e941d5d7627fbaf219,7,7,13.543526750057936,3.79812305811279e-12,7.214298602953306e-13,227328,64439,38785,25654,461,
star,128,sparse_pulse,401,0587a37039ddeb785d5c14b035ca5415d5fda0634598880172f2df0d06dc8db8,causal_local_batch2,d3bcd8096ebd829245568d405cd3ed6425fc12871d55a7059a28284f55e1a6ae,7,7,16.870619624853134,1.1621607826172395e-10,9.816705781595658e-11,271636,67244,40068,26924,5318,
star,128,sparse_pulse,409,0587a37039ddeb785d5c14b035ca5415d5fda0634598880172f2df0d06dc8db8,causal_local_batch2,f9538376027a76a8e5b953b78d9bf49d96fc648f191af9892da675a493441f98,7,7,22.337427832651883,2.270251995720807e-09,2.1076472164760496e-10,300641,67373,40196,27051,5552,
star,128,dense_burst,401,0587a37039ddeb785d5c14b035ca5415d5fda0634598880172f2df0d06dc8db8,causal_local_batch2,592d91bda595095187e2bd485f8bf0c58573e40bd5d6fdc25a201efd6ba1d3c7,7,7,49.25933824991807,2.7077651756211596e-10,1.7593114465253024e-10,475878,96012,54304,40808,39931,
star,128,dense_burst,409,0587a37039ddeb785d5c14b035ca5415d5fda0634598880172f2df0d06dc8db8,causal_local_batch2,017e3a7d423612ae0eaa58edb421d5624918f5139a1fefc6ecb49ec2e1735ac0,7,7,59.73621145775542,3.985412349347261e-09,3.3524329146050746e-10,538657,96399,54688,41189,41140,
star,128,state_switch,401,0587a37039ddeb785d5c14b035ca5415d5fda0634598880172f2df0d06dc8db8,causal_local_batch2,9f5b6c0031be0d08670299076e0da9304b31dfb214b120902337c655ce837504,7,7,22.959243083372712,1.9932137170151845e-10,1.232335761214287e-10,286713,71444,42184,28984,11227,
star,128,state_switch,409,0587a37039ddeb785d5c14b035ca5415d5fda0634598880172f2df0d06dc8db8,causal_local_batch2,a19e08f1e03b9ad5afd3a2f2688c2767cab2646169e53245ce5c3786f3d7fa88,7,7,23.775831541977823,1.7886400544082274e-10,1.7248559525118168e-10,283933,71315,42056,28857,11008,
feedback_ring,16,smooth,401,0587a37039ddeb785d5c14b035ca5415d5fda0634598880172f2df0d06dc8db8,causal_local_batch2,a3a4097c51aa25fcbfdda293b8e2ffe0edfb8ff2c470da25cd5115d3e2c45be2,1,1,1.7273609577678144,4.823548295527092e-10,8.6879157513986e-11,28416,8081,4849,3232,392,
feedback_ring,16,smooth,409,0587a37039ddeb785d5c14b035ca5415d5fda0634598880172f2df0d06dc8db8,causal_local_batch2,7fb79ef8181ac7c17dcc12c4edef88b463f9ad18c0c8570f812a2364de7c5a66,1,1,1.7150526666082442,4.593702762441078e-10,4.1696653942102646e-11,28416,8081,4849,3232,392,
feedback_ring,16,sparse_pulse,401,0587a37039ddeb785d5c14b035ca5415d5fda0634598880172f2df0d06dc8db8,causal_local_batch2,9f52c53d555b5401c644bf9a63b1ae1770210994f45c3af6e8079f7c47a01bf3,1,1,2.3101478340104222,8.102676195638289e-10,1.4384437044268061e-10,40227,8296,4975,3338,5777,
feedback_ring,16,sparse_pulse,409,0587a37039ddeb785d5c14b035ca5415d5fda0634598880172f2df0d06dc8db8,causal_local_batch2,ef000830045ec8160e7d68654a8b7aadfdb7f1b9fa8484894d592cac085380c3,1,1,2.1438893331214786,1.5461240880744446e-09,1.867889350137819e-10,37445,8300,4977,3340,4601,
feedback_ring,16,dense_burst,401,0587a37039ddeb785d5c14b035ca5415d5fda0634598880172f2df0d06dc8db8,causal_local_batch2,81c91bc576aa87081496ac970a065ad044dfd8333e92aaf94d6e1a345ec5aef7,1,1,4.952866875100881,1.276129960370177e-09,2.50006683757964e-10,100622,9844,5957,4062,42916,
feedback_ring,16,dense_burst,409,0587a37039ddeb785d5c14b035ca5415d5fda0634598880172f2df0d06dc8db8,causal_local_batch2,833344a9e205c966cb25d6e0a16cb64ef06224e70fc5e349a7b60674f0ad3160,1,1,4.493302458897233,2.6881883151791686e-09,2.6172547462621765e-10,87138,9800,5928,4040,34012,
feedback_ring,16,state_switch,401,0587a37039ddeb785d5c14b035ca5415d5fda0634598880172f2df0d06dc8db8,causal_local_batch2,a283771e17fa1512d5b589b9ce05ff5bcbb9d93f06aa4c34c435f645e24cf0bd,1,1,2.5122824581339955,6.639002256909895e-10,8.882264715404098e-11,45164,8444,5075,3404,12190,
feedback_ring,16,state_switch,409,0587a37039ddeb785d5c14b035ca5415d5fda0634598880172f2df0d06dc8db8,causal_local_batch2,ccbd34b4e8a143d308d3e371a7b696101685548b52368b38c83ea3e28a0d691e,1,1,2.370046209078282,4.679983170106768e-10,4.16457471806575e-11,41549,8468,5087,3416,9601,
feedback_ring,64,smooth,401,0587a37039ddeb785d5c14b035ca5415d5fda0634598880172f2df0d06dc8db8,causal_local_batch2,ead1ebbc04f9c490742c7946609ccf2166fa963765ad34f37ff7afc295852b15,4,4,6.804351500235498,4.828239397289049e-10,1.2556012696576802e-10,113694,32309,19390,12922,494,
feedback_ring,64,smooth,409,0587a37039ddeb785d5c14b035ca5415d5fda0634598880172f2df0d06dc8db8,causal_local_batch2,9f6068a82a8e0baa83544ef559c7cb5908e901ab4313c97321e704df98d7c67b,4,4,6.863876250106841,4.352277039326894e-10,1.6514904851647194e-10,113792,32325,19396,12930,422,
feedback_ring,64,sparse_pulse,401,0587a37039ddeb785d5c14b035ca5415d5fda0634598880172f2df0d06dc8db8,causal_local_batch2,624fbfbb1e3c6bbc8c46bb30b38d350413ce819774b5ff18c10be24caadcd5b7,4,4,8.576628875453025,8.837274417648554e-10,1.530296167562284e-10,148855,32940,19763,13236,5795,
feedback_ring,64,sparse_pulse,409,0587a37039ddeb785d5c14b035ca5415d5fda0634598880172f2df0d06dc8db8,causal_local_batch2,969272e28bae416b1d46f9f42de4f528aa6beb327d02fc95176cd717601c68ec,4,4,8.686296167317778,1.3812743098836784e-09,2.395096482254999e-10,149500,32904,19745,13218,5387,
feedback_ring,64,dense_burst,401,0587a37039ddeb785d5c14b035ca5415d5fda0634598880172f2df0d06dc8db8,causal_local_batch2,960564869bb312fa85075d605ddeace40e2855a24c0152ea51b7b693f598654c,4,4,16.264268457889557,1.3565015346050938e-09,2.023569922737778e-10,308541,37676,22717,15458,40900,
feedback_ring,64,dense_burst,409,0587a37039ddeb785d5c14b035ca5415d5fda0634598880172f2df0d06dc8db8,causal_local_batch2,f727162de97b62eb331cf7b3105a6b029ae095800e6d7544726d04c6d73c6946,4,4,16.40581904212013,2.0610958570464648e-09,3.3496574611269203e-10,308019,37876,22899,15546,39790,
feedback_ring,64,state_switch,401,0587a37039ddeb785d5c14b035ca5415d5fda0634598880172f2df0d06dc8db8,causal_local_batch2,8490091cb00d68866fdcdf80067b404e2ee120e6edd55ed525ae016b0fc6bf16,4,4,8.891720834188163,5.350364558378624e-10,1.2556012360474128e-10,157711,33460,20102,13472,10774,
feedback_ring,64,state_switch,409,0587a37039ddeb785d5c14b035ca5415d5fda0634598880172f2df0d06dc8db8,causal_local_batch2,d48bcf51aae5e10c5a0d40c4db865167464c2a2a5337b0e8b067994d42324009,4,4,8.874515207950026,7.890749656904697e-10,2.1597960919716996e-10,156332,33524,20156,13502,11032,
feedback_ring,128,smooth,401,0587a37039ddeb785d5c14b035ca5415d5fda0634598880172f2df0d06dc8db8,causal_local_batch2,7f2e2a578d33509cb2ea420a898072a531d86e4d1e28b7d3e8ee27749f1902de,7,7,13.869461291935295,6.813328517380572e-10,2.634987542152493e-10,228378,64657,38800,25864,437,
feedback_ring,128,smooth,409,0587a37039ddeb785d5c14b035ca5415d5fda0634598880172f2df0d06dc8db8,causal_local_batch2,c4676c4dab5d52790a1a94771b8387e1f5bd3560226d82e941d5d7627fbaf219,7,7,13.82205570815131,5.902324858555677e-10,1.817620858511615e-10,229070,64709,38828,25890,467,
feedback_ring,128,sparse_pulse,401,0587a37039ddeb785d5c14b035ca5415d5fda0634598880172f2df0d06dc8db8,causal_local_batch2,d3bcd8096ebd829245568d405cd3ed6425fc12871d55a7059a28284f55e1a6ae,7,7,17.176205874886364,1.1543831591236854e-09,2.634987609508553e-10,297274,65792,39464,26430,5579,
feedback_ring,128,sparse_pulse,409,0587a37039ddeb785d5c14b035ca5415d5fda0634598880172f2df0d06dc8db8,causal_local_batch2,f9538376027a76a8e5b953b78d9bf49d96fc648f191af9892da675a493441f98,7,7,17.23066799994558,1.2144352800523833e-09,3.097910870972914e-10,294012,65888,39525,26478,5582,
feedback_ring,128,dense_burst,401,0587a37039ddeb785d5c14b035ca5415d5fda0634598880172f2df0d06dc8db8,causal_local_batch2,592d91bda595095187e2bd485f8bf0c58573e40bd5d6fdc25a201efd6ba1d3c7,7,7,32.2718711248599,1.8154251620167234e-09,2.950365004389388e-10,606813,74996,45152,30766,39478,
feedback_ring,128,dense_burst,409,0587a37039ddeb785d5c14b035ca5415d5fda0634598880172f2df0d06dc8db8,causal_local_batch2,017e3a7d423612ae0eaa58edb421d5624918f5139a1fefc6ecb49ec2e1735ac0,7,7,32.23819583281875,2.0816577714925686e-09,4.942682898980821e-10,596950,75380,45572,30958,40072,
feedback_ring,128,state_switch,401,0587a37039ddeb785d5c14b035ca5415d5fda0634598880172f2df0d06dc8db8,causal_local_batch2,9f5b6c0031be0d08670299076e0da9304b31dfb214b120902337c655ce837504,7,7,17.936878874897957,7.303144400028721e-10,2.6349875519103127e-10,313985,66804,40114,26892,11494,
feedback_ring,128,state_switch,409,0587a37039ddeb785d5c14b035ca5415d5fda0634598880172f2df0d06dc8db8,causal_local_batch2,a19e08f1e03b9ad5afd3a2f2688c2767cab2646169e53245ce5c3786f3d7fa88,7,7,17.90678183408454,6.684304211704992e-10,1.9376492391923877e-10,312319,66904,40214,26942,11284,
modular_sparse,16,smooth,401,0587a37039ddeb785d5c14b035ca5415d5fda0634598880172f2df0d06dc8db8,causal_local_batch2,a3a4097c51aa25fcbfdda293b8e2ffe0edfb8ff2c470da25cd5115d3e2c45be2,1,1,2.711517167277634,6.312037609089081e-11,9.807702393282991e-12,28416,11313,4849,6464,437,
modular_sparse,16,smooth,409,0587a37039ddeb785d5c14b035ca5415d5fda0634598880172f2df0d06dc8db8,causal_local_batch2,7fb79ef8181ac7c17dcc12c4edef88b463f9ad18c0c8570f812a2364de7c5a66,1,1,2.4964110828004777,2.2481091886568587e-10,1.9725108699186755e-11,28416,10606,4849,5757,392,
modular_sparse,16,sparse_pulse,401,0587a37039ddeb785d5c14b035ca5415d5fda0634598880172f2df0d06dc8db8,causal_local_batch2,9f52c53d555b5401c644bf9a63b1ae1770210994f45c3af6e8079f7c47a01bf3,1,1,4.0414419593289495,1.3300113107036754e-09,2.2217873439471514e-10,40943,11736,5028,6748,5624,
modular_sparse,16,sparse_pulse,409,0587a37039ddeb785d5c14b035ca5415d5fda0634598880172f2df0d06dc8db8,causal_local_batch2,ef000830045ec8160e7d68654a8b7aadfdb7f1b9fa8484894d592cac085380c3,1,1,3.438025916926563,3.255560303064691e-09,3.0319225949315687e-10,39813,11030,5033,6026,4544,
modular_sparse,16,dense_burst,401,0587a37039ddeb785d5c14b035ca5415d5fda0634598880172f2df0d06dc8db8,causal_local_batch2,81c91bc576aa87081496ac970a065ad044dfd8333e92aaf94d6e1a345ec5aef7,1,1,11.916699124965817,2.0582828519186447e-09,2.9442321324013587e-10,115194,16604,7140,9916,43813,
modular_sparse,16,dense_burst,409,0587a37039ddeb785d5c14b035ca5415d5fda0634598880172f2df0d06dc8db8,causal_local_batch2,833344a9e205c966cb25d6e0a16cb64ef06224e70fc5e349a7b60674f0ad3160,1,1,7.933668083976954,5.5742639352578454e-09,4.961436747552561e-10,95545,14048,6563,7868,34486,
modular_sparse,16,state_switch,401,0587a37039ddeb785d5c14b035ca5415d5fda0634598880172f2df0d06dc8db8,causal_local_batch2,a283771e17fa1512d5b589b9ce05ff5bcbb9d93f06aa4c34c435f645e24cf0bd,1,1,4.71469737496227,1.2115924819654068e-09,1.4677199039470068e-10,48133,12452,5340,7212,12265,
modular_sparse,16,state_switch,409,0587a37039ddeb785d5c14b035ca5415d5fda0634598880172f2df0d06dc8db8,causal_local_batch2,ccbd34b4e8a143d308d3e371a7b696101685548b52368b38c83ea3e28a0d691e,1,1,3.594734041020274,3.3125750300146863e-09,2.3380120062199694e-10,42215,11316,5215,6192,9349,
modular_sparse,64,smooth,401,0587a37039ddeb785d5c14b035ca5415d5fda0634598880172f2df0d06dc8db8,causal_local_batch2,ead1ebbc04f9c490742c7946609ccf2166fa963765ad34f37ff7afc295852b15,4,4,18.025103624910116,2.819632816901622e-10,8.040125553179789e-11,113694,69348,19389,49963,461,
modular_sparse,64,smooth,409,0587a37039ddeb785d5c14b035ca5415d5fda0634598880172f2df0d06dc8db8,causal_local_batch2,9f6068a82a8e0baa83544ef559c7cb5908e901ab4313c97321e704df98d7c67b,4,4,18.571386167313904,4.37637356602641e-10,1.1252903014784266e-10,113664,71075,19390,51688,419,
modular_sparse,64,sparse_pulse,401,0587a37039ddeb785d5c14b035ca5415d5fda0634598880172f2df0d06dc8db8,causal_local_batch2,624fbfbb1e3c6bbc8c46bb30b38d350413ce819774b5ff18c10be24caadcd5b7,4,4,24.138831708114594,7.410170227883305e-10,1.4368081073870553e-10,155842,72419,20101,52399,5627,
modular_sparse,64,sparse_pulse,409,0587a37039ddeb785d5c14b035ca5415d5fda0634598880172f2df0d06dc8db8,causal_local_batch2,969272e28bae416b1d46f9f42de4f528aa6beb327d02fc95176cd717601c68ec,4,4,25.278500041924417,8.223970644095833e-10,1.1295071605452178e-10,159893,74591,20175,54497,5399,
modular_sparse,64,dense_burst,401,0587a37039ddeb785d5c14b035ca5415d5fda0634598880172f2df0d06dc8db8,causal_local_batch2,960564869bb312fa85075d605ddeace40e2855a24c0152ea51b7b693f598654c,4,4,59.579106166027486,1.058084503994912e-09,1.951437691993796e-10,391331,100037,28009,73833,41176,
modular_sparse,64,dense_burst,409,0587a37039ddeb785d5c14b035ca5415d5fda0634598880172f2df0d06dc8db8,causal_local_batch2,f727162de97b62eb331cf7b3105a6b029ae095800e6d7544726d04c6d73c6946,4,4,63.46240649977699,1.2354734146145623e-09,1.3573093343710596e-10,413829,112147,29470,84023,40549,
modular_sparse,64,state_switch,401,0587a37039ddeb785d5c14b035ca5415d5fda0634598880172f2df0d06dc8db8,causal_local_batch2,8490091cb00d68866fdcdf80067b404e2ee120e6edd55ed525ae016b0fc6bf16,4,4,27.573911250103265,6.817747436229657e-10,1.4001053094681026e-10,177333,75648,21220,54880,11947,
modular_sparse,64,state_switch,409,0587a37039ddeb785d5c14b035ca5415d5fda0634598880172f2df0d06dc8db8,causal_local_batch2,d48bcf51aae5e10c5a0d40c4db865167464c2a2a5337b0e8b067994d42324009,4,4,28.156293916981667,9.104685808900203e-10,1.5383399068480408e-10,178880,79943,21539,58693,11083,
modular_sparse,128,smooth,401,0587a37039ddeb785d5c14b035ca5415d5fda0634598880172f2df0d06dc8db8,causal_local_batch2,7f2e2a578d33509cb2ea420a898072a531d86e4d1e28b7d3e8ee27749f1902de,7,7,47.63392320787534,1.3252987513887436e-10,5.3183037509486886e-11,227388,176411,38782,137632,392,
modular_sparse,128,smooth,409,0587a37039ddeb785d5c14b035ca5415d5fda0634598880172f2df0d06dc8db8,causal_local_batch2,c4676c4dab5d52790a1a94771b8387e1f5bd3560226d82e941d5d7627fbaf219,7,7,47.89937383309007,1.0644175988035582e-10,3.761174564072961e-11,227328,176224,38783,137443,464,
modular_sparse,128,sparse_pulse,401,0587a37039ddeb785d5c14b035ca5415d5fda0634598880172f2df0d06dc8db8,causal_local_batch2,d3bcd8096ebd829245568d405cd3ed6425fc12871d55a7059a28284f55e1a6ae,7,7,64.98032441595569,6.426070505681695e-10,1.7304971778459022e-10,320866,184896,40306,144786,5648,
modular_sparse,128,sparse_pulse,409,0587a37039ddeb785d5c14b035ca5415d5fda0634598880172f2df0d06dc8db8,causal_local_batch2,f9538376027a76a8e5b953b78d9bf49d96fc648f191af9892da675a493441f98,7,7,68.44203445874155,4.778333709727211e-10,1.2954386174879318e-10,335317,186754,40714,146306,5222,
modular_sparse,128,dense_burst,401,0587a37039ddeb785d5c14b035ca5415d5fda0634598880172f2df0d06dc8db8,causal_local_batch2,592d91bda595095187e2bd485f8bf0c58573e40bd5d6fdc25a201efd6ba1d3c7,7,7,177.5267836251296,9.599786406470213e-10,1.7304971778459022e-10,875261,279424,58975,223110,39877,
modular_sparse,128,dense_burst,409,0587a37039ddeb785d5c14b035ca5415d5fda0634598880172f2df0d06dc8db8,causal_local_batch2,017e3a7d423612ae0eaa58edb421d5624918f5139a1fefc6ecb49ec2e1735ac0,7,7,188.4006239590235,6.94481585989611e-10,1.3569696755144633e-10,939058,291948,60668,233300,40240,
modular_sparse,128,state_switch,401,0587a37039ddeb785d5c14b035ca5415d5fda0634598880172f2df0d06dc8db8,causal_local_batch2,9f5b6c0031be0d08670299076e0da9304b31dfb214b120902337c655ce837504,7,7,75.53566987486556,1.1831449232853229e-09,3.618558334916866e-10,373166,198441,43063,155975,11230,
modular_sparse,128,state_switch,409,0587a37039ddeb785d5c14b035ca5415d5fda0634598880172f2df0d06dc8db8,causal_local_batch2,a19e08f1e03b9ad5afd3a2f2688c2767cab2646169e53245ce5c3786f3d7fa88,7,7,78.50611541606486,7.562685128678978e-10,1.828431156480903e-10,387392,201228,43506,158236,11284,
