path,bytes,sha256
model/v0.3.4i/README.md,489,08d14a6403cc942c2ac14e64b36d574063db32e82246764c31ce61f4bab30b1b
model/v0.3.4i/configs/dynamics/default.yaml,122,619bdd76d49890a620a874062360ea4e10b13b67f6cb18d2c43b23e39b40c7ef
model/v0.3.4i/configs/graphs/synthetic.yaml,117,1446b258356c6963e1ac66eb5ef12c069a4a1c2fdd927feb44e95274d599cc7f
model/v0.3.4i/configs/hardware/cpu.yaml,51,ce2e5aa6553171f636e7564b7fda7f21c29ab5a888548a9ce0384b5450516c24
model/v0.3.4i/configs/tasks/tasks.yaml,103,f7f5d927d5ec78d1f91a835477e8bb1533c04c629d709cb39331b6e6b087e9db
model/v0.3.4i/contracts/V03_1_CONTRACT_DRAFT.yaml,1936,7e27b959de07d82e7c2b242d9fc2a66f374f2ba3ae1d116087a5c7cb4dee6987
model/v0.3.4i/contracts/V03_2_ODE_SEGMENT_DIAGNOSTIC.yaml,1064,a522659d33761836862698156851f80ed5243f1590f822e48840f29aba3e99dc
model/v0.3.4i/contracts/V03_2_SMOOTH_GATE_DIAGNOSTIC.yaml,991,ab491c72e2823bd59e7da13fa62af1213397ab19ee4a26bf5339ff6d440a7961
model/v0.3.4i/contracts/V03_3_ODE_SEGMENT_CALIBRATION.yaml,1887,82c0113e5f537265e9d186a549b50c86f17338b193e8b266c14854d25286ce1b
model/v0.3.4i/contracts/V03_4B_EXACT_INPUT_CALIBRATION.yaml,1985,0a40406a4ebe1d65f94bfcd307fb6f5ee5fde71207419f15112d6dd386faac90
model/v0.3.4i/contracts/V03_4C_KNOWN_FAILURE_DIAGNOSTIC.yaml,847,3275036e8c090458faf159a98198fef0d857ad12195ae1b0b37863f7d15390b9
model/v0.3.4i/contracts/V03_4D_KNOWN_FAILURE_INTERVAL_DIAGNOSTIC.yaml,839,186ea8fc50cc2137f219fdec63f873557fe7f371968e3019ee6404b3850a0b0d
model/v0.3.4i/contracts/V03_4E_EXACT_INPUT_CALIBRATION.yaml,1920,647988deb29a0dda054ba8a286e185a7e76be33c43e72d700cfa4d94ca605cd5
model/v0.3.4i/contracts/V03_4F_BROADCAST_BATCH_DIAGNOSTIC.yaml,1028,2975f6af91876ade2cdefcc7ae9696b17091b30ac3705aaf6178fb8202cf8b09
model/v0.3.4i/contracts/V03_4G_LOCAL_TOLERANCE_DIAGNOSTIC.yaml,943,a6a7112de69b8b2aa967bfa1b1c549db6c3e4e08d535fc74610a579df4d07795
model/v0.3.4i/contracts/V03_4H_FAST_LOCAL_TOLERANCE_CALIBRATION.yaml,1611,2b031c90b4ddba6e476e3fcc1a0c05d96f8669def3647942d14f0cdb77286ad7
model/v0.3.4i/contracts/V03_4I_CONFIRMATORY.yaml,1651,98e734a02a020fefa7597283572ca6c3ab3e6c826232ef505f11050464bd37a9
model/v0.3.4i/contracts/V03_4I_LOCAL_BATCH2_CALIBRATION.yaml,1811,0587a37039ddeb785d5c14b035ca5415d5fda0634598880172f2df0d06dc8db8
model/v0.3.4i/contracts/V03_4_EXACT_INPUT_CALIBRATION.yaml,2211,c9b7391620ca504fed8b8e39dc5234cc53dffbb7c399ff6d02411c1cb161819d
model/v0.3.4i/contracts/V03_CONTRACT.yaml,2749,e403bf611630cd89fd31cd49fe4961bd43d88df789cb966915b49460ee59c55c
model/v0.3.4i/experiments/WP1_v034i/__pycache__/calibrate_local_batch2.cpython-312.pyc,9585,4cb5f9548b6a542d050b6c2d8ff25f9ff080ef8d9dcec1de2b7873977785af61
model/v0.3.4i/experiments/WP1_v034i/calibrate_local_batch2.py,6484,ea37cc6f568da2b47e75c404089c5e7066ceb2990bd07d881e6f29a1994c1c7b
model/v0.3.4i/experiments/WP1_v034i_confirm/__pycache__/run_confirmatory.cpython-312.pyc,10270,05fc56ec754588cd57ca7a42b92bce93d32fcef8e5952734aabc4cf386b08f8f
model/v0.3.4i/experiments/WP1_v034i_confirm/run_confirmatory.py,6332,62d2bd0e6170c2292606e16540b4422eb3e74b38a6d07b19923f58c92ff29e00
model/v0.3.4i/pyproject.toml,658,3249f28636cbbbfdbc2250e22b90871a7a881322cef98e7b32d410b4aa553efe
model/v0.3.4i/requirements-lock.txt,74,8163914de4e0283b6cb690aa792e9df23efc4a133627b913895541b9c20b827e
model/v0.3.4i/requirements.lock,249,aec9b63eedbf45049184e7eed8a0edace68ac30c3ecb85ccbba58f4decb0230c
model/v0.3.4i/src/dynamics/__pycache__/graphs.cpython-312.pyc,2368,8306b6de622a3c7b1320694536640f2f6e5f00b17e770f89a7c0f6c2560e215d
model/v0.3.4i/src/dynamics/__pycache__/system.cpython-312.pyc,1842,03d58c6acf5c5c210ff6d1bcc0d24b94875b02d336e8dd457afce24d665f6e7f
model/v0.3.4i/src/dynamics/__pycache__/tasks.cpython-312.pyc,2208,7a4d00eb27f2c422d94643fed93c33e1aef1d6fea4e26baf5d22617f99f4f410
model/v0.3.4i/src/dynamics/graphs.py,894,fb04794c510bc5d2511b8ec46540da1433767a91bb2dd15efd47dbbaa5341ddf
model/v0.3.4i/src/dynamics/system.py,646,c502048f75b146b50bc65afd374e2d574f349eb45f6e17a8ee40f0993894131d
model/v0.3.4i/src/dynamics/tasks.py,1053,bfa5d2b331f97e70541eebc8ba124548794d2cb4f45b3cd609a70970c5a486af
model/v0.3.4i/src/events/__pycache__/inputs.cpython-312.pyc,3251,08a973fb0f5284f880ab4cf4463d675ca788577f15e03b89f27727372d0b6b6f
model/v0.3.4i/src/events/__pycache__/ode_segment_scheduler.cpython-312.pyc,17257,f0874bb2545f9571a6d17b0d8f655cf9a807340e747f3ee39b8704efd5f9666c
model/v0.3.4i/src/events/__pycache__/predictive_scheduler.cpython-312.pyc,9193,f4b9072c538d80137c6bc6594fa348d5a837a8b861ae31af804fe73cfd45b42a
model/v0.3.4i/src/events/__pycache__/scheduler.cpython-312.pyc,8767,d3b41ebe57d2d88da71b9108b8b35cfd53dbd03d60e04028538ef15cb65a7850
model/v0.3.4i/src/events/__pycache__/segment_scheduler.cpython-312.pyc,9452,79621d05cbc78d16b9abb5e71fd62d87fa6297e97c879ce68e30ba1ab52b6c6f
model/v0.3.4i/src/events/__pycache__/segment_scheduler_v2.cpython-312.pyc,8496,7e9f3fcd4caed8305b181ea1494ad59b70811d2dde33efee3d5b420017845c77
model/v0.3.4i/src/events/inputs.py,1538,eecd35cd0a78d2f14428a42a451d41e1fb1aed5a78a27f61bcb6de189e0c15ff
model/v0.3.4i/src/events/ode_segment_scheduler.py,9675,67df7cfb70c734db0dfb6833148cac4545d78fdfaf5a17770deb222fab420a3d
model/v0.3.4i/src/events/predictive_scheduler.py,5269,a053c4bdac340230c107715042187d6b7418a02c74a094f440969bf119cb298d
model/v0.3.4i/src/events/scheduler.py,4967,612652af2987b188dac8de536e918cebb8b9b7c80e79107f7bd6d8c320e0be6c
model/v0.3.4i/src/events/segment_scheduler.py,5313,668f77b6e43cc2be7508e4af1466db1abf6bbf6432793e951caa07a387e1958c
model/v0.3.4i/src/events/segment_scheduler_v2.py,4623,b46b7a40b48c05abc94cc40dd4b23e48dccd7ac778117f7515faab361e41851a
model/v0.3.4i/src/ircn/__init__.py,58,b8f4f02a6269cc659e0bb80d7ac07fa2a501b801bf049860063ed664a0fd5a7a
model/v0.3.4i/src/ircn/__main__.py,61,3129adff95e0f38b87ab34cddfc27082c7892bcaec267ff5d40f160fdf55b44a
model/v0.3.4i/src/ircn/__pycache__/__init__.cpython-312.pyc,192,61026d7e37e254bd8154845dbbd04758438374ebe52af809d7034d0b99ff025f
model/v0.3.4i/src/ircn/__pycache__/__main__.cpython-312.pyc,216,5ad41fced6ae830b692bffb7ca412c05fb07e2320f4b9394654c86025de6a64f
model/v0.3.4i/src/ircn/__pycache__/cli.cpython-312.pyc,1087,c014df71c4816c54fbd60c39ab3acaba034a75dec5dd9396ea0a3bbb920b9871
model/v0.3.4i/src/ircn/__pycache__/core.cpython-312.pyc,27363,da5ba1865e69ee837eb3deaf03d52cc356b2e6aba427df5777e3fd1798289985
model/v0.3.4i/src/ircn/__pycache__/experiment.cpython-312.pyc,30976,29bd6ea8299e2f679a2c082b91db0778938d2f3bc2bf636e8e6604c185c30f67
model/v0.3.4i/src/ircn/__pycache__/stats.cpython-312.pyc,10204,85a103775a137c6b07095060e57806bd522b1ab08ac35ec6ba56df4adcb5499b
model/v0.3.4i/src/ircn/cli.py,622,4cd92d5252036a97583621335b930468c7bd7b89ed4c844c1d3936a28a01cd1e
model/v0.3.4i/src/ircn/core.py,16552,15bcaa67a802e8ac8280fc8e4ee64ef90035012bacd792101d46cd76e89835c9
model/v0.3.4i/src/ircn/experiment.py,22191,15cbdd05bb344e692029fd0db97b8bd5c024514c90dd79f8097de2033d6f68fe
model/v0.3.4i/src/ircn/stats.py,6358,0d4ea1d4a0dce15852643004ecf899e2bf72a458740d77b5b91dc063dd857062
model/v0.3.4i/src/ircn/v03/__init__.py,34,61b4eaa77c897f0c127c683e34ed0e40dcc6f8bf4dc1e361ec937f79779a5d87
model/v0.3.4i/src/ircn/v03/__pycache__/__init__.cpython-312.pyc,200,26e41b5a980f395d789686579181fceff0789e85790385cce99f096d616e7f33
model/v0.3.4i/src/ircn/v03/__pycache__/gates.cpython-312.pyc,2735,764241cd79e891e64448ac730b1c8c4ac11aa601774a3cc657ebf80a8e5289ff
model/v0.3.4i/src/ircn/v03/gates.py,1797,a89d42ea8cdb851664b55c769899827e8814581be008ed7bacf2f5cdbeb39cce
model/v0.3.4i/src/ircn_v03.py,262,a6324df646cddebed9645878f8b10266548e8acf6519c78faf1d6a5fe8d1d7a4
model/v0.3.4i/src/solvers/__pycache__/oracle.cpython-312.pyc,2288,903713f096a29451b2f8809daf0690c6980b7b62b183c9620d722c850f54cf50
model/v0.3.4i/src/solvers/__pycache__/synchronous.cpython-312.pyc,1599,32794967aa8301d7f78de7ee051412400012ea250cff68351c7879db2ed4a7e7
model/v0.3.4i/src/solvers/adaptive.py,373,07507aae5dd62227cfc5900e04f80f947c1210b7aef26879e22144937742f4ba
model/v0.3.4i/src/solvers/oracle.py,869,9ebea48726cded0ce84b867bfb735c9fbae47aceb321b489c056625fab3d3019
model/v0.3.4i/src/solvers/synchronous.py,560,8fdb29d659669b061c8ca904487bc7c7ebd42efc8686c385b8de228f6d57c914
model/v0.3.4i/tests/__pycache__/test_gates.cpython-312-pytest-9.1.1.pyc,51468,d8b3bbc8a4012d845e9d7aa57fbb541ad1da7a64ce3497b03c6206289eca1888
model/v0.3.4i/tests/__pycache__/test_gates.cpython-312.pyc,16542,7debcc6e856193d4a7f097c0647a6ac9b136d087f7c7594fb1d97fd58ad0b5a7
model/v0.3.4i/tests/__pycache__/test_stats.cpython-312-pytest-9.1.1.pyc,2089,f9fcfb3bb8d224f6615f623c3e3cd30738e00024886a376bfb7b9267c7543903
model/v0.3.4i/tests/__pycache__/test_stats.cpython-312.pyc,597,24de8e4b3ef20e42da66ea116c265317b1ef39ee6bf1406e826af0949b99d8b0
model/v0.3.4i/tests/test_causality/__pycache__/test_broadcast_batch_equivalence.cpython-312-pytest-9.1.1.pyc,6797,82fd267e2542afa9556cecdec8bca3f451a7260bf8097a0a1a9de5db29f365e4
model/v0.3.4i/tests/test_causality/__pycache__/test_exact_exogenous_input.cpython-312-pytest-9.1.1.pyc,4212,c6ecf014ae1b4a7afb0d5f8eee6eeb58e9e7537df6542f7ea5c63145c8177267
model/v0.3.4i/tests/test_causality/__pycache__/test_input.cpython-312-pytest-9.1.1.pyc,3286,ecd926da16124fc28723092d944525982e7e153e20558ed3942bdb054b6c6f29
model/v0.3.4i/tests/test_causality/__pycache__/test_message_payload.cpython-312-pytest-9.1.1.pyc,4156,049fbd7a9745f17001e848b7f1174ea9996864fd05af100257d49d8342e0cb38
model/v0.3.4i/tests/test_causality/__pycache__/test_ode_segment_initialization.cpython-312-pytest-9.1.1.pyc,2754,799f66e7228d657bde710bfeb190d0870a815abb061a5d49682d14e6b6707f53
model/v0.3.4i/tests/test_causality/__pycache__/test_ode_segment_refresh_publication.cpython-312-pytest-9.1.1.pyc,4729,cec7f4cc6a09d11f3a2f5075a502c6a31bcb16318aff8e4a4a4d071a82502309
model/v0.3.4i/tests/test_causality/__pycache__/test_queue.cpython-312-pytest-9.1.1.pyc,1396,085775b964f756c6bb4689fef41bceee8ef9288b8f6b503de6a509b80ef8c76d
model/v0.3.4i/tests/test_causality/test_broadcast_batch_equivalence.py,2812,4f9e95bb11d84029d0ea553926b4e78c31f5b205437755e809c50287f332a408
model/v0.3.4i/tests/test_causality/test_exact_exogenous_input.py,1508,fceaca1d72860c4f2d036530cbb4fb83844b57b80b3660d4aecaa19e58a980b5
model/v0.3.4i/tests/test_causality/test_input.py,343,5801772185a86f60282ba6df23cf56fae72d77d08b11928d270961c75c1dc5a3
model/v0.3.4i/tests/test_causality/test_message_payload.py,879,91ad2793383e0161d439fd176fe8e68a6425f1eae94f2cb976698ef28e38c4d9
model/v0.3.4i/tests/test_causality/test_ode_segment_initialization.py,698,cd0b23aca94a57a46ec3b520901f21b87bb6b6fa97b5664f60f6c281ca06de79
model/v0.3.4i/tests/test_causality/test_ode_segment_refresh_publication.py,1253,37510878095e160774cc056c745ca15b7efe023b12cb341eb5c2226e95c8c4bc
model/v0.3.4i/tests/test_causality/test_queue.py,244,e2c7a1c38fda2d4c75c006b37403e391712f914df6179399a080c84744e0a1d7
model/v0.3.4i/tests/test_convergence/__pycache__/test_prediction.cpython-312-pytest-9.1.1.pyc,1369,5691c02d0e96901fb4e86eb83a15f2960f6c3203daca8039b41c612778a0624f
model/v0.3.4i/tests/test_convergence/__pycache__/test_scheduler.cpython-312-pytest-9.1.1.pyc,2873,5a8f3fb7464fe02cb25820749c23a978f2dbba9ac13bb458e3d7b21338de9ae6
model/v0.3.4i/tests/test_convergence/test_prediction.py,366,bdc872ea66efcb8c21154700234b684f5d67ecbcf48ec038bbe24b7c24e22d76
model/v0.3.4i/tests/test_convergence/test_scheduler.py,772,375edbfd1251a864b064b48389b51053cf5cd62a42118a77728bdcb1b0dc2adf
model/v0.3.4i/tests/test_costs/__pycache__/test_instrumentation.cpython-312-pytest-9.1.1.pyc,2872,41bd021f991d5f6d7212e9e55e964e3a8f4598b8e7880434631c993d9c0e6035
model/v0.3.4i/tests/test_costs/test_instrumentation.py,507,ecbc43077a7b431b5f5eeed7081c5f68d163c6a6e379b57c493219c64fe5d92e
model/v0.3.4i/tests/test_gates.py,8267,6d710156094a6e5b7b09d1deb4a18dd879ce8717f6a40d5d69ad50e51841103c
model/v0.3.4i/tests/test_gates_v03/__pycache__/test_downstream_gate.cpython-312-pytest-9.1.1.pyc,6433,a7b870d9d7239e2e86ad5caac7d3f04cbbcd1e68a0afd5b37e2b304399060702
model/v0.3.4i/tests/test_gates_v03/test_downstream_gate.py,943,aa2b105e586efe65fd6bea38d9be6906c51aa7df1c4bf175b047379aa073f382
model/v0.3.4i/tests/test_oracle/__pycache__/test_discontinuity.cpython-312-pytest-9.1.1.pyc,2489,7a8199f7618686b59344f7ad1d36919322022edd1bc7a8386718fbc481dbcffc
model/v0.3.4i/tests/test_oracle/__pycache__/test_input_pulse_boundaries.cpython-312-pytest-9.1.1.pyc,4389,bd15a80ef6c41c45484fd898e8d6688ffe4d891d50d6e1da63a7dd9ee58800d7
model/v0.3.4i/tests/test_oracle/__pycache__/test_numerical.cpython-312-pytest-9.1.1.pyc,5293,c384594da4352d26f55caaa8a39d90930c6efe4966883d04d782c3ecde8509a7
model/v0.3.4i/tests/test_oracle/__pycache__/test_oracle_discontinuity_endpoint.cpython-312-pytest-9.1.1.pyc,2151,1deb6fe1f88e8badb4d07ceaa8ba150debe669bdc35c123489cce153c3c9fa7c
model/v0.3.4i/tests/test_oracle/__pycache__/test_sparse_input_mapping.cpython-312-pytest-9.1.1.pyc,5866,eb2160bb797b4cb38997da81d869a620f2912f97881f508773ed8b8052d5b0e9
model/v0.3.4i/tests/test_oracle/test_discontinuity.py,229,adcc5f7b54a2bf68e102fb766cda55b27a9de9a322fe1b009f9b4ebf968cda71
model/v0.3.4i/tests/test_oracle/test_input_pulse_boundaries.py,624,6ccf2df6e5c35395430781664eafb42e7c4bc0fe692b420763304f0c31ee6c9b
model/v0.3.4i/tests/test_oracle/test_numerical.py,708,ae9b0ddabbfc4e248258c9c6ef13e1b83bf3c991a9f706fc6289dbc1a055cef9
model/v0.3.4i/tests/test_oracle/test_oracle_discontinuity_endpoint.py,791,1910b98a09df10f4a06e37dae42587f46416cea53772b6499d9c4ff6fd1f9eae
model/v0.3.4i/tests/test_oracle/test_sparse_input_mapping.py,826,08fe83474b18ce375df8f8091d623bf0970ac1547db926950938f614626d4655
model/v0.3.4i/tests/test_stats.py,285,5b93eaba79b1aecd8c807f3753f64d1db78ca85688832d0125d2939bf8fa12f5
result/v0.3.4i/WP1_STAGE_REPORT.md,1087,f98fee95d24e1877c90f753b447049d3d5325fdc95ad77a7f57e2a255b8a2bd1
result/v0.3.4i/WP1_v034i/calibration.csv,26767,f75c26c45903ad094155f57f66f68331e1d1eee8f7ba7c6137eeb7fd7428f269
result/v0.3.4i/WP1_v034i/calibration.json,1151,df62e97f9f7fea260b8aa0c4bf30dee48f578a6c713320fc5ead7e9c2219f6a7
result/v0.3.4i/WP1_v034i/calibration_decision.md,1545,7e2c375efefa96525bf552b4e73cfe9c8cd4ac41367b9be38f73c42a0e4954fc
result/v0.3.4i/WP1_v034i/calibration_raw.jsonl,52785,c85ad6502ed008c37e1016309c74ca98ebe792be2d355713927d8e1bd18c0b80
result/v0.3.4i/WP1_v034i/console.log,10195,c8740715b971e739277f117716ae4e27013fd374d1430a85316f72d12c707006
result/v0.3.4i/WP1_v034i/events.jsonl.gz,46475044,f4c2d7d6f2191d69bfc6955a52fac9a91877c1b075c50e3fdd3f8d35bfe40442
result/v0.3.4i/WP1_v034i/failures.json,3,37517e5f3dc66819f61f5a7bb8ace1921282415f10551d2defa5c3eb0985b570
result/v0.3.4i/WP1_v034i_confirm/confirmatory.csv,66654,2a9c1aaf35a2fd9e21ddbce465bd7ca48a4e4dd4ddd16e207ab4a3f2b66b5f6d
result/v0.3.4i/WP1_v034i_confirm/confirmatory.json,1207,6d116448a2bf26517881e1e6ced10435d88494eeb4671a51b00991ee06ea9aeb
result/v0.3.4i/WP1_v034i_confirm/confirmatory_raw.jsonl,131984,c170807f624c4ff82a8ddf5b9205202377ff003abd5254fb1f2efe48ec5d8230
result/v0.3.4i/WP1_v034i_confirm/console.log,24214,8b451d135cee2d903eb428960c698f04a8f6e8f93221419d88cf9ff7b71bd72c
result/v0.3.4i/WP1_v034i_confirm/decision.md,406,9df685d4b98ed6d17c5a86643a2fd8c7c97c3a7f66bf0bfbd8171e9829732098
result/v0.3.4i/WP1_v034i_confirm/events.jsonl.gz,97159953,f367a6997adec06263d4408ab96768b96b688dc7c3850f31a1bcc83e6a4d3426
result/v0.3.4i/WP1_v034i_confirm/failures.json,3,37517e5f3dc66819f61f5a7bb8ace1921282415f10551d2defa5c3eb0985b570
result/v0.3.4i/event_compression_manifest.json,544,4e669866533054b8f0e8ac26a1d530299278b39a3d54c6f3aa281a39310a16fd
result/v0.3.4i/history/WP1_v033/calibration_interrupted.json,1266,cc8d7bc4085da98af828fdd26587ac0f16ae968b545d6f6dd12872a96bb65f3c
result/v0.3.4i/history/WP1_v033/calibration_raw.jsonl,19163,d4633cdd9dd9cb63cd4a60074d81d011170f1ffab07f406718c100984aa707c5
result/v0.3.4i/history/WP1_v033/decision_v1.md,1678,7b4c7286d374ff9cb33d2af76a21522ee890df8a797337dfe81cbc4095f6e452
result/v0.3.4i/history/WP1_v033/events.jsonl.gz,3727533,124d877ab78dbbdc2de75c650b2074452e4a75bf2d19b7ae6e1dba5b680638ea
result/v0.3.4i/history/WP1_v033/run_metadata.json,683,155f9feb3aae0f867d4b4542d52a992e3128d7d29c1e353dcb3b7b49126fb2ad
result/v0.3.4i/history/WP1_v034e/calibration.csv,26995,d47112f4514d20c172609f105ab62a9a8d4f778c1c748f7a64a4f7afc0d9fa16
result/v0.3.4i/history/WP1_v034e/calibration.json,1153,2cef984a637f9fe4f885fd24a5f50988a0c3bedb7e76051258d3015deab9e3f9
result/v0.3.4i/history/WP1_v034e/calibration_raw.jsonl,50824,4015f3fa0944fd45494f368a00c355c82cdac29cc2e4860fadcfaf4bf09d736f
result/v0.3.4i/history/WP1_v034e/decision_v1.md,1626,2bd04cde3547490053267effd9de3d5b13aadb8a61dc117ba9bd3c93c3414a93
result/v0.3.4i/history/WP1_v034e/events.jsonl.gz,37764474,e1d074c0e460397f7d4cd53ef2542f52d50b084b9ccf838838a4a7b4051c57cf
result/v0.3.4i/history/WP1_v034e/failures.json,3,37517e5f3dc66819f61f5a7bb8ace1921282415f10551d2defa5c3eb0985b570
result/v0.3.4i/history/WP1_v034h/calibration.csv,17019,3c13da96a63d5eb403b5062732e1c5710ee57deb9e82f0cc6b9e7a8c8ea3da90
result/v0.3.4i/history/WP1_v034h/calibration.json,1173,c4cb728d1bc2a9821a93b7802af8e1cfa1119645b661d92524992451615b51b0
result/v0.3.4i/history/WP1_v034h/calibration_raw.jsonl,32098,2314329d4460674ba366308a8ae294de4914e2e859600f86f464042bd38e2332
result/v0.3.4i/history/WP1_v034h/decision_v1.md,1859,3f8c1241e57b21f24e5fa2a1b5ba7a9cc4baf7bb7e25f663658c590152d52912
result/v0.3.4i/history/WP1_v034h/events.jsonl.gz,19354022,26302ad107e1668a9325a8485ccdd936d82863f36a418b44b6e2dabf12a96961
result/v0.3.4i/history/WP1_v034h/failures.json,3,37517e5f3dc66819f61f5a7bb8ace1921282415f10551d2defa5c3eb0985b570
result/v0.3.4i/history/WP1_v034h/run_metadata.json,707,1618512441c4f0173d151292bec2f85fbb77521db7acf004f36decb8669df36a
result/v0.3.4i/history/WP1_v034h/runner_schema_failure.json,679,34c008bc589f6ffdf498f028f99ee980ecf291de582bc38469ca9400b7b63b0f
result/v0.3.4i/history/WP1_v034h/runner_schema_failure_raw.jsonl,348,42d2044a1f62e7fdc4e11bfe1ab551d27a4dd9e350aae3d5571996990e628db2
result/v0.3.4i/history/WP1_v034h/test_suite.log,100,0247b9c1cac6b077cfc403e1037ace823b1e43e246b30636e152706f989ffad7
result/v0.3.4i/project_status/E0_report.md,339,3120208f881fd11c076beafaa153db31750bdc021ab85405fcfdd9ddf83997bd
result/v0.3.4i/project_status/E1_report.md,408,4f4c63aee49e007ff192c51ed21ecdda53c8fca06446d64bc456f7f8b4889767
result/v0.3.4i/project_status/E1_results.csv,114,497189060ee516d5b51b150849bc2a107cf18319146849679a172fffb6c1546d
result/v0.3.4i/project_status/FINAL_DECISION.md,1331,1fd6e8b9dc82240285e55a73c02b3ee055db11bc24a926724653f92c59a8cc8c
result/v0.3.4i/project_status/INFLUENCE_VALIDITY_REPORT.md,434,64a2f0c2f7219727eb71865f6f8f316bbb901e6ebd3624e204300a55dbdc7cb4
result/v0.3.4i/project_status/THREAT_MODEL.md,1494,5fd3426b569eed57daa1bdd8b2adbaa10f0166e09dc53a297c4856f79d355fcb
result/v0.3.4i/project_status/VERSION_LINEAGE.md,1275,6378cbe3da110dceb2ccf84c8b3d0019bbfa42403b88196f5d1c7e9891ba39f0
result/v0.3.4i/project_status/WORK_PACKAGE_STATUS.md,1266,ff67e93227eeb27073220422e96a68be20c800a605a90835e423b2e69f445e99
result/v0.3.4i/project_status/WP1_candidate_results.csv,31610,d18cb5c3af5ae5e4bc65b65ea165dc2fe3ecb39d0afb49b18f5b715de7b6aed4
result/v0.3.4i/project_status/data_provenance.md,1899,bcaa2e49d10bc59e5f8901b5465b19a19c649ac1c6b17b82aec67155660319f6
result/v0.3.4i/project_status/decision.md,406,9df685d4b98ed6d17c5a86643a2fd8c7c97c3a7f66bf0bfbd8171e9829732098
result/v0.3.4i/project_status/protocol_deviations.md,1707,88b19f86cd91b964af84bebcfe325f3a959f79b4a4824b2051451c6bcb29e213
