epoch,train_mse,validation_mean_trajectory_mse
1,3.9152151888225104,3.7670319105003403
2,3.564068215297232,3.4364940320548243
3,3.2708002301898333,3.1817806657275964
4,3.0558963660157317,3.0149224748701604
5,2.92777287373727,2.913371908005217
6,2.8497997116047795,2.849110230207237
7,2.8022116697742128,2.796876324711357
8,2.7525301089150522,2.750435119545361
9,2.7085094818849194,2.700560275902422
10,2.6574987714451206,2.647537055358459
11,2.6016141323280477,2.5849639818196812
12,2.5369257997984294,2.510227201540853
13,2.458676051506523,2.425549168767507
14,2.3721818795140006,2.3279168352846376
15,2.2730916434723234,2.2247343133550985
16,2.173958984550778,2.122782579058483
17,2.079453962407942,2.0355146368576027
18,1.9955724554022205,1.9406619905507732
19,1.9198790766667464,1.867164415166353
20,1.8647520698518458,1.8429941136590884
21,1.832940451365015,1.804200628325182
22,1.8326622709109106,1.7316285195381105
23,1.7563186751289948,1.7168125110319572
24,1.732162187909727,1.7406541621117029
25,1.7388122991679875,1.6679713698519982
26,1.7150184451240438,1.6467885915275655
27,1.6692902296679073,1.623030209981998
28,1.6431056717499117,1.6416033022860261
29,1.6341523546250347,1.6024779862303653
30,1.6067937288763587,1.57549623732744
31,1.6375911490681936,1.6317211615132805
32,1.5992447361956545,1.6376140805226804
33,1.6111892858303096,1.4864988431637378
34,1.5528356717817706,1.5897499964689927
35,1.491258706385004,1.4109218783352357
36,1.4031673047486823,1.3531738694590403
37,1.3278019437392534,1.2782972539507271
38,1.373402753600572,1.324745784732088
39,1.1609104227989564,1.1678463219454596
40,1.0892906556244457,1.058884814811795
41,0.9178322594900454,0.8812823598733892
42,0.8026207716526708,0.7949887675021146
43,0.7576710496153509,0.7650764727547488
44,0.6765132060999238,0.7318619121104408
45,0.6741816165212479,0.6919133892123797
46,0.7031122503598595,0.6832909698396995
47,0.7331447671670687,0.6676938714896562
48,0.5976757304180619,0.6470226458712689
49,0.594876605903593,0.6400065833490215
50,0.5950517297756408,0.6361285131541635
51,0.5689663412791929,0.6061789274221343
52,0.5547313695433235,0.617380337087861
53,0.5517118254204497,0.5921488734833863
54,0.5503272496885658,0.5860374161260604
55,0.5415525550583152,0.58190722191124
56,0.5296988382444352,0.5891449305282478
57,0.5272391479789799,0.5688374727756157
58,0.5155340845549393,0.5682367717253931
59,0.5226961421807859,0.5587179238057584
60,0.5223082227565248,0.5714329011700394
61,0.5015167674860773,0.5562208206997463
62,0.49645329264836013,0.543698705998206
63,0.5011252660695216,0.6168372919514814
64,0.520530716205654,0.5650270771327357
65,0.4978575133614937,0.5331314285925491
66,0.4799615041345325,0.5358681394627813
67,0.4711965630643375,0.5339484314265347
68,0.47294828608587025,0.5247263154223066
69,0.4669350791880273,0.5132047468801052
70,0.45721167492825926,0.5200691930170157
71,0.45752930828039257,0.5051499904675942
72,0.4501469298025539,0.5223589357915194
73,0.4572309415889938,0.5529541649978964
74,0.46667873446610003,0.537832153254389
75,0.45603509129361564,0.4866089384953005
76,0.42855988949921253,0.49139243022385204
77,0.4260183430728056,0.47871490809433875
78,0.4230986946051657,0.47382879945298306
79,0.4201621611295643,0.4722639378268612
80,0.4263804691261236,0.46971259499265017
81,0.41439016090799485,0.45954424922166853
82,0.40013937812921985,0.4517627199266066
83,0.39194027999281966,0.44368069417491174
84,0.38970930291149736,0.4376075430777341
85,0.37912971316521654,0.4295847274484837
86,0.372100306668964,0.4223788793644442
87,0.36626130765015386,0.41335288531763614
88,0.35553074541550844,0.40631421394986766
89,0.3464633119223567,0.39604394427201267
90,0.34135005543637764,0.38479768411922066
91,0.33355668215283735,0.3796419839541193
92,0.31689995133385546,0.35475602136426143
93,0.29915451264453397,0.34017454176196477
94,0.2869695860187488,0.32459191126119136
95,0.2647097216132176,0.29877475248049806
96,0.2517996305508171,0.27845007262364174
97,0.2331825044835419,0.27008905231980074
98,0.2159180809993392,0.25353696592527186
99,0.20248669507821054,0.2296942399584397
100,0.18233147311401388,0.21532334635334735
101,0.17366277251033574,0.20763682867850247
102,0.16817779452917186,0.2022627316121189
103,0.16250277514178366,0.19755429479680098
104,0.1609553359567812,0.1900267995892317
105,0.1530174373498474,0.18621669368743898
106,0.14912914885913686,0.181254427897881
107,0.14521729437738723,0.17829220166839083
108,0.14318677791424336,0.1774049976819024
109,0.14008913958407362,0.17082875724575436
110,0.1372965493602441,0.16754687564271725
111,0.13499953684815144,0.16943481971977206
112,0.13331253721821118,0.16051870069781143
113,0.13181853924436907,0.15916979389341238
114,0.13177717673643136,0.15591327090817036
115,0.12393679504445498,0.15405663688420887
116,0.12301273144866727,0.150396869650382
117,0.12203457180280808,0.14947618529787107
118,0.11967297172853775,0.14604177069613006
119,0.11757951435925448,0.14279252194372774
120,0.12206640965919988,0.14216961888625765
121,0.11365041878747797,0.13828667533597477
122,0.11378767594610087,0.14431983190797468
123,0.11501254348249249,0.1388313425271884
124,0.11175503827907687,0.14602302696510366
125,0.10990652819523221,0.13115645055948993
126,0.1068711175462892,0.12952953363423703
127,0.10912284017284497,0.13120149846765522
128,0.10371312294310091,0.12599767550355606
129,0.10187591862884345,0.12408418135910548
130,0.10067389888342677,0.1256109517237236
131,0.09853561133857135,0.1258748026265311
132,0.09828657756816353,0.11952881385903028
133,0.09860793622356999,0.11835079345529324
134,0.09490313760395316,0.11655027593705158
135,0.09380850532795752,0.11581623609936206
136,0.09577045297686052,0.11547728622857267
137,0.09329123857779935,0.12023210243286016
138,0.09691707898220772,0.12070762264447228
139,0.09605103747395485,0.11135385734253118
140,0.08998893170125183,0.11392346009677903
141,0.08956700492850456,0.10869399258234838
142,0.08819852187483782,0.11177085919485807
143,0.09397994136016609,0.11730965321872219
144,0.09335832240146696,0.12044571432990492
145,0.08907983760220124,0.10634971944978533
146,0.08710762171727561,0.11523242264962992
147,0.08875179264079383,0.10523855425023358
148,0.08022740247378848,0.10853616059807616
149,0.08217515001266336,0.0982556341633202
150,0.07963299937430428,0.09773323314214473
151,0.08012773656064096,0.09732233349855186
152,0.0836000885544748,0.10329929814391377
153,0.07932420290482711,0.10134369501920208
154,0.07873879524621538,0.10979932639309901
155,0.0782700152952521,0.09454718322157991
156,0.07463484224702936,0.0962256449579059
157,0.07646572247344388,0.11012470404257027
158,0.0769374566022897,0.09101939235087611
159,0.07159466675787887,0.09481477537028167
160,0.07194330490256103,0.08831910328418242
161,0.07295021797735879,0.08936601208163707
162,0.0723074244388144,0.08631879787431065
163,0.07082805114904304,0.08923310817930627
164,0.07145778970754207,0.08433077554424825
165,0.07221124168986744,0.08589778429402692
166,0.06929018241145868,0.08360274723787539
167,0.06839350879823473,0.08185450501627392
168,0.06532357355483515,0.08621947905690837
169,0.07304256988643286,0.11020079222830985
170,0.08668809215134109,0.10399549065876774
171,0.07434083240138555,0.09063858248862114
172,0.06641260242586441,0.07836884452206652
173,0.06479240236208368,0.07847671783744026
174,0.0636889566177812,0.0874168915743686
175,0.06532500157042698,0.07662184483330906
176,0.06399684622456558,0.07709712661597963
177,0.06207002300037786,0.07944564308519016
178,0.0611587820972365,0.07802334004102982
179,0.05975649583497418,0.07663938574115778
180,0.05887106647702893,0.07557771135556535
181,0.05949440846469269,0.0736846234449847
182,0.05735889854396263,0.07393070989587022
183,0.05844813580618914,0.07917465507049666
184,0.059868174550165576,0.0700008206592804
185,0.05676004299231859,0.0738765361653152
186,0.05572341560554962,0.06865326217676583
187,0.05436183613997392,0.0696638947030635
188,0.054816333375890036,0.0677089025004243
189,0.05396824612658633,0.0663595467226469
190,0.05383188427040826,0.06575275524605326
191,0.05282508671691051,0.06512325445292955
192,0.05340016712503959,0.06535969308420117
193,0.05275930899376323,0.06430920094602015
194,0.051863690881673655,0.06366019898623831
195,0.05245803778926561,0.06295077134335285
196,0.050026813414554436,0.06478391946227702
197,0.05197885874783449,0.06175823947741157
198,0.04862779352535264,0.06616429229741125
199,0.04959493459863648,0.06253363357543154
200,0.04918930435172377,0.060442218799772074
