graph,n,task,seed,contract_sha256,method,input_sha256,driven_count,nonzero_U_rows,wall_seconds,nrmse,max_abs,rhs_evaluations,event_count,queue_pushes,oracle_nfev,failure
chain,16,smooth,271,647988deb29a0dda054ba8a286e185a7e76be33c43e72d700cfa4d94ca605cd5,exact_exogenous_ode_segment,fe3700063c0e747a78f8bcd8d59bbdf864a094cddc52ed242f65adeec005751a,1,1,1.7172049172222614,9.60826649936511e-10,2.0821392515951026e-10,54993,4746,6260,392,
chain,16,smooth,281,647988deb29a0dda054ba8a286e185a7e76be33c43e72d700cfa4d94ca605cd5,exact_exogenous_ode_segment,fe02e3f29da9b850316df63f648a6aba6b213ebbb2e5b58e58ed0bbf5aa848b3,1,1,1.7379839159548283,6.894478156929431e-10,1.326602571283947e-10,55140,4747,6261,407,
chain,16,sparse_pulse,271,647988deb29a0dda054ba8a286e185a7e76be33c43e72d700cfa4d94ca605cd5,exact_exogenous_ode_segment,237ddbf24129288c132db48bda7e6a48becfbd62d4b2faaeaad6e9c086379287,1,1,1.8230308331549168,1.0767107116114115e-09,2.0821392402109798e-10,59880,4749,6263,5093,
chain,16,sparse_pulse,281,647988deb29a0dda054ba8a286e185a7e76be33c43e72d700cfa4d94ca605cd5,exact_exogenous_ode_segment,4dca19b404f6c647030774d73b15f5375c4833b0a047b0e4b4ceb69b70d178b6,1,1,1.862995957955718,7.350659544100149e-10,1.3266025891732827e-10,61680,4786,6318,5303,
chain,16,dense_burst,271,647988deb29a0dda054ba8a286e185a7e76be33c43e72d700cfa4d94ca605cd5,exact_exogenous_ode_segment,ea48ea57bdce24476e9adb2eb642d71c9c385f9fb37fdaed0f0e65cb73701d50,1,1,2.4028495838865638,1.1827065690510805e-09,3.564918082954449e-10,86976,4825,6339,38341,
chain,16,dense_burst,281,647988deb29a0dda054ba8a286e185a7e76be33c43e72d700cfa4d94ca605cd5,exact_exogenous_ode_segment,48c6803cf441e2fee0b65403897d7053b530be3d38608ede191dfb7fe7cd9dca,1,1,2.7398376245982945,8.073708884662294e-10,1.532921151126132e-10,99906,5174,6862,38662,
chain,16,state_switch,271,647988deb29a0dda054ba8a286e185a7e76be33c43e72d700cfa4d94ca605cd5,exact_exogenous_ode_segment,8d18cfed95cf52bc9a9d38edd3180d010204a9d3feebc3886b7ba6206b2db6b0,1,1,1.8942942502908409,1.1097969674393383e-09,2.0821392147322287e-10,64073,4761,6275,10987,
chain,16,state_switch,281,647988deb29a0dda054ba8a286e185a7e76be33c43e72d700cfa4d94ca605cd5,exact_exogenous_ode_segment,164a6b9ce7e2ac1a8a3b5d6e130920fec012496c80d5967c06a999a362d260f1,1,1,1.9662233325652778,7.717959616222685e-10,1.3266026330834707e-10,67595,4838,6390,10873,
chain,64,smooth,271,647988deb29a0dda054ba8a286e185a7e76be33c43e72d700cfa4d94ca605cd5,exact_exogenous_ode_segment,cbecf8a9435feec477c14eef3913e52bf37fdaccb4c74c7b6b0b19274f42b38b,4,4,7.110990833025426,1.2859246107746767e-09,1.9583730503144187e-10,226640,19298,25664,551,
chain,64,smooth,281,647988deb29a0dda054ba8a286e185a7e76be33c43e72d700cfa4d94ca605cd5,exact_exogenous_ode_segment,6e948741e0be459dc59e610319e8cd485b4ff9b8b5c974e7e81fbf35ec397b59,4,4,7.124194582924247,9.686553598425942e-10,2.5202241682453774e-10,228196,19312,25685,551,
chain,64,sparse_pulse,271,647988deb29a0dda054ba8a286e185a7e76be33c43e72d700cfa4d94ca605cd5,exact_exogenous_ode_segment,8638b961fb93275673e8988c6defbe7018a18f96c04a689bad3604ecc85bf6a5,4,4,7.683767249807715,1.2558284653576035e-09,1.9572007187683427e-10,250557,19413,25832,5153,
chain,64,sparse_pulse,281,647988deb29a0dda054ba8a286e185a7e76be33c43e72d700cfa4d94ca605cd5,exact_exogenous_ode_segment,b5d633df69ef3610c50c47b01c7a363536bc4390beabb4dac1b2ce83e54b40b3,4,4,7.760775208007544,1.2691589350068723e-09,5.368809213391126e-10,252671,19421,25847,5399,
chain,64,dense_burst,271,647988deb29a0dda054ba8a286e185a7e76be33c43e72d700cfa4d94ca605cd5,exact_exogenous_ode_segment,843c728c3794bed709d83a6e606c9a4d7d930a0519d04b55266421c823459a11,4,4,11.277803416829556,1.2784608090651395e-09,1.9572007187683427e-10,409280,20905,27940,38257,
chain,64,dense_burst,281,647988deb29a0dda054ba8a286e185a7e76be33c43e72d700cfa4d94ca605cd5,exact_exogenous_ode_segment,2224f108b468952a9783adcc80814fe643a0c7aaa5e76f31859197266108a5c2,4,4,11.52520937519148,1.3980122933422655e-09,5.368809213391126e-10,423056,20907,27966,38956,
chain,64,state_switch,271,647988deb29a0dda054ba8a286e185a7e76be33c43e72d700cfa4d94ca605cd5,exact_exogenous_ode_segment,8777a57de80808ed1f59bd5cf47a3d2b2d20ab7e034972d7a2ce3c3be1b8e18e,4,4,8.020707500167191,1.3814012215577836e-09,1.95720070250531e-10,273486,19633,26140,10543,
chain,64,state_switch,281,647988deb29a0dda054ba8a286e185a7e76be33c43e72d700cfa4d94ca605cd5,exact_exogenous_ode_segment,b59d2051429a9a836b3869e1cacb86fd5db3649a944fe37f5ffc3c39d1f7540c,4,4,8.064384541939944,1.3077716905359944e-09,5.368809209054318e-10,276127,19635,26150,10870,
chain,128,smooth,271,647988deb29a0dda054ba8a286e185a7e76be33c43e72d700cfa4d94ca605cd5,exact_exogenous_ode_segment,8a4db3332a456af70a8c491f452507e4e8147a7e9ada6f9d4a26de886e0f91be,7,7,14.284601874649525,8.470835020650472e-10,2.5101941922636706e-10,456593,38716,51558,452,
chain,128,smooth,281,647988deb29a0dda054ba8a286e185a7e76be33c43e72d700cfa4d94ca605cd5,exact_exogenous_ode_segment,d37afb0544b7f260ff9942f68f89812edb2ef925590905858d977aefc701f8f5,7,7,14.329365124925971,9.879131554027766e-10,4.372223220408186e-10,458044,38734,51586,467,
chain,128,sparse_pulse,271,647988deb29a0dda054ba8a286e185a7e76be33c43e72d700cfa4d94ca605cd5,exact_exogenous_ode_segment,772a34ef3c58d494b55acda6d52951931a97f672e5ede66185a170cc74ea24bd,7,7,15.423537584021688,8.507294879743196e-10,2.5101942421369705e-10,498225,38915,51855,5243,
chain,128,sparse_pulse,281,647988deb29a0dda054ba8a286e185a7e76be33c43e72d700cfa4d94ca605cd5,exact_exogenous_ode_segment,3e7dbf8390e439f1df0f7a457ee8592a369bc76dae5c5443c75b4ef996ae29fa,7,7,15.41162333311513,9.920732551411828e-10,4.3502512860451106e-10,500809,38899,51829,5504,
chain,128,dense_burst,271,647988deb29a0dda054ba8a286e185a7e76be33c43e72d700cfa4d94ca605cd5,exact_exogenous_ode_segment,8590eb905df484fd46e1fb875ee0f90252f04d98b07a8e4fbc7d07fba97abe1d,7,7,21.64573079161346,8.726272592807948e-10,2.5101942421369705e-10,778509,41391,55387,38908,
chain,128,dense_burst,281,647988deb29a0dda054ba8a286e185a7e76be33c43e72d700cfa4d94ca605cd5,exact_exogenous_ode_segment,a6ace592e01d1d6924cf3bc0fb14de7b7e809ca31c231f99ab0c9c33bb529539,7,7,21.635828542057425,1.0087991141361353e-09,4.3502512860451106e-10,785846,40967,54721,40627,
chain,128,state_switch,271,647988deb29a0dda054ba8a286e185a7e76be33c43e72d700cfa4d94ca605cd5,exact_exogenous_ode_segment,2c59305d98244b2ad9bffafcb06b049710adcb0f8dcd8737e8137115d0f46426,7,7,15.963153874967247,8.449163153047163e-10,2.510194190095266e-10,537826,39281,52374,11239,
chain,128,state_switch,281,647988deb29a0dda054ba8a286e185a7e76be33c43e72d700cfa4d94ca605cd5,exact_exogenous_ode_segment,1bb92b5744d8414e9a0ce242ba8e1f58dd3b489dfd5e32c38011eb8959cdd4e6,7,7,16.09533033426851,1.0038927359154782e-09,4.350266512580421e-10,542311,39193,52236,11452,
star,16,smooth,271,647988deb29a0dda054ba8a286e185a7e76be33c43e72d700cfa4d94ca605cd5,exact_exogenous_ode_segment,fe3700063c0e747a78f8bcd8d59bbdf864a094cddc52ed242f65adeec005751a,1,1,2.438724792096764,6.395736064723075e-11,7.489241431873905e-12,56982,6263,7879,404,
star,16,smooth,281,647988deb29a0dda054ba8a286e185a7e76be33c43e72d700cfa4d94ca605cd5,exact_exogenous_ode_segment,fe02e3f29da9b850316df63f648a6aba6b213ebbb2e5b58e58ed0bbf5aa848b3,1,1,2.4391897092573345,4.5556008574620346e-11,4.545737104875297e-12,56862,6263,7879,404,
star,16,sparse_pulse,271,647988deb29a0dda054ba8a286e185a7e76be33c43e72d700cfa4d94ca605cd5,exact_exogenous_ode_segment,237ddbf24129288c132db48bda7e6a48becfbd62d4b2faaeaad6e9c086379287,1,1,2.8339159172028303,2.230904805707875e-10,1.2379677838403325e-10,64677,6494,8161,5183,
star,16,sparse_pulse,281,647988deb29a0dda054ba8a286e185a7e76be33c43e72d700cfa4d94ca605cd5,exact_exogenous_ode_segment,4dca19b404f6c647030774d73b15f5375c4833b0a047b0e4b4ceb69b70d178b6,1,1,2.834313957951963,1.0570121755101469e-10,8.858663108624043e-11,65130,6494,8161,5165,
star,16,dense_burst,271,647988deb29a0dda054ba8a286e185a7e76be33c43e72d700cfa4d94ca605cd5,exact_exogenous_ode_segment,ea48ea57bdce24476e9adb2eb642d71c9c385f9fb37fdaed0f0e65cb73701d50,1,1,5.906865417025983,4.951205024980084e-10,1.9566799569492588e-10,120055,9130,11657,38797,
star,16,dense_burst,281,647988deb29a0dda054ba8a286e185a7e76be33c43e72d700cfa4d94ca605cd5,exact_exogenous_ode_segment,48c6803cf441e2fee0b65403897d7053b530be3d38608ede191dfb7fe7cd9dca,1,1,6.0095254997722805,2.704894901150067e-10,7.479920849373656e-11,120661,9130,11657,39172,
star,16,state_switch,271,647988deb29a0dda054ba8a286e185a7e76be33c43e72d700cfa4d94ca605cd5,exact_exogenous_ode_segment,8d18cfed95cf52bc9a9d38edd3180d010204a9d3feebc3886b7ba6206b2db6b0,1,1,3.175985208712518,3.188300689405307e-10,1.352202377846723e-10,71596,6882,8681,11017,
star,16,state_switch,281,647988deb29a0dda054ba8a286e185a7e76be33c43e72d700cfa4d94ca605cd5,exact_exogenous_ode_segment,164a6b9ce7e2ac1a8a3b5d6e130920fec012496c80d5967c06a999a362d260f1,1,1,3.204238624777645,2.0736654331083313e-10,5.280634957083308e-11,71431,6882,8681,10615,
star,64,smooth,271,647988deb29a0dda054ba8a286e185a7e76be33c43e72d700cfa4d94ca605cd5,exact_exogenous_ode_segment,cbecf8a9435feec477c14eef3913e52bf37fdaccb4c74c7b6b0b19274f42b38b,4,4,10.656726374756545,4.543500856184693e-11,5.2269812826979956e-12,239662,26035,32627,392,
star,64,smooth,281,647988deb29a0dda054ba8a286e185a7e76be33c43e72d700cfa4d94ca605cd5,exact_exogenous_ode_segment,6e948741e0be459dc59e610319e8cd485b4ff9b8b5c974e7e81fbf35ec397b59,4,4,10.086712709162384,2.3830180662669398e-11,3.872372432409707e-12,227480,25571,32036,401,
star,64,sparse_pulse,271,647988deb29a0dda054ba8a286e185a7e76be33c43e72d700cfa4d94ca605cd5,exact_exogenous_ode_segment,8638b961fb93275673e8988c6defbe7018a18f96c04a689bad3604ecc85bf6a5,4,4,11.949304750189185,4.846232737694142e-09,5.466977376442778e-10,261337,26858,33519,5138,
star,64,sparse_pulse,281,647988deb29a0dda054ba8a286e185a7e76be33c43e72d700cfa4d94ca605cd5,exact_exogenous_ode_segment,b5d633df69ef3610c50c47b01c7a363536bc4390beabb4dac1b2ce83e54b40b3,4,4,11.631662874948233,1.2586078253341333e-10,6.984669093101914e-11,254054,26522,33182,5399,
star,64,dense_burst,271,647988deb29a0dda054ba8a286e185a7e76be33c43e72d700cfa4d94ca605cd5,exact_exogenous_ode_segment,843c728c3794bed709d83a6e606c9a4d7d930a0519d04b55266421c823459a11,4,4,24.346342250239104,4.8715728812555414e-09,5.466977376442778e-10,453179,37582,47599,38806,
star,64,dense_burst,281,647988deb29a0dda054ba8a286e185a7e76be33c43e72d700cfa4d94ca605cd5,exact_exogenous_ode_segment,2224f108b468952a9783adcc80814fe643a0c7aaa5e76f31859197266108a5c2,4,4,24.062920750118792,3.329455016444894e-10,1.5084113819119338e-10,441939,37246,47262,39937,
star,64,state_switch,271,647988deb29a0dda054ba8a286e185a7e76be33c43e72d700cfa4d94ca605cd5,exact_exogenous_ode_segment,8777a57de80808ed1f59bd5cf47a3d2b2d20ab7e034972d7a2ce3c3be1b8e18e,4,4,13.510811499785632,4.851471746628143e-09,5.466977420895067e-10,283976,28434,35611,10681,
star,64,state_switch,281,647988deb29a0dda054ba8a286e185a7e76be33c43e72d700cfa4d94ca605cd5,exact_exogenous_ode_segment,b59d2051429a9a836b3869e1cacb86fd5db3649a944fe37f5ffc3c39d1f7540c,4,4,13.266976125072688,1.7903064680597245e-10,7.591688389041451e-11,279501,28098,35274,10936,
star,128,smooth,271,647988deb29a0dda054ba8a286e185a7e76be33c43e72d700cfa4d94ca605cd5,exact_exogenous_ode_segment,8a4db3332a456af70a8c491f452507e4e8147a7e9ada6f9d4a26de886e0f91be,7,7,20.23091245815158,8.41897679969152e-11,1.5376868357720903e-11,454986,51473,64401,434,
star,128,smooth,281,647988deb29a0dda054ba8a286e185a7e76be33c43e72d700cfa4d94ca605cd5,exact_exogenous_ode_segment,d37afb0544b7f260ff9942f68f89812edb2ef925590905858d977aefc701f8f5,7,7,21.58828791603446,3.2389682484155683e-11,4.257919564891813e-12,476262,52147,65204,422,
star,128,sparse_pulse,271,647988deb29a0dda054ba8a286e185a7e76be33c43e72d700cfa4d94ca605cd5,exact_exogenous_ode_segment,772a34ef3c58d494b55acda6d52951931a97f672e5ede66185a170cc74ea24bd,7,7,22.869320624973625,4.751398242129006e-09,5.891560407936258e-10,488884,53256,66444,5249,
star,128,sparse_pulse,281,647988deb29a0dda054ba8a286e185a7e76be33c43e72d700cfa4d94ca605cd5,exact_exogenous_ode_segment,3e7dbf8390e439f1df0f7a457ee8592a369bc76dae5c5443c75b4ef996ae29fa,7,7,25.214207583107054,6.118663353222645e-11,7.69895119878683e-11,542460,54694,68267,5654,
star,128,dense_burst,271,647988deb29a0dda054ba8a286e185a7e76be33c43e72d700cfa4d94ca605cd5,exact_exogenous_ode_segment,8590eb905df484fd46e1fb875ee0f90252f04d98b07a8e4fbc7d07fba97abe1d,7,7,47.7453841669485,4.752321442211422e-09,5.891560407936258e-10,831625,74692,94564,39862,
star,128,dense_burst,281,647988deb29a0dda054ba8a286e185a7e76be33c43e72d700cfa4d94ca605cd5,exact_exogenous_ode_segment,a6ace592e01d1d6924cf3bc0fb14de7b7e809ca31c231f99ab0c9c33bb529539,7,7,49.01793275028467,2.0877823066950856e-10,1.440644478711839e-10,887850,75494,95622,39634,
star,128,state_switch,271,647988deb29a0dda054ba8a286e185a7e76be33c43e72d700cfa4d94ca605cd5,exact_exogenous_ode_segment,2c59305d98244b2ad9bffafcb06b049710adcb0f8dcd8737e8137115d0f46426,7,7,25.896447000093758,4.744716826849736e-09,5.89155990486645e-10,536727,56404,70620,11002,
star,128,state_switch,281,647988deb29a0dda054ba8a286e185a7e76be33c43e72d700cfa4d94ca605cd5,exact_exogenous_ode_segment,1bb92b5744d8414e9a0ce242ba8e1f58dd3b489dfd5e32c38011eb8959cdd4e6,7,7,27.685270708985627,1.3504803706495248e-10,9.63973831313858e-11,572018,57206,71678,11257,
feedback_ring,16,smooth,271,647988deb29a0dda054ba8a286e185a7e76be33c43e72d700cfa4d94ca605cd5,exact_exogenous_ode_segment,fe3700063c0e747a78f8bcd8d59bbdf864a094cddc52ed242f65adeec005751a,1,1,2.62219495838508,4.5342099718768314e-10,8.456162896644526e-11,58180,6486,8113,464,
feedback_ring,16,smooth,281,647988deb29a0dda054ba8a286e185a7e76be33c43e72d700cfa4d94ca605cd5,exact_exogenous_ode_segment,fe02e3f29da9b850316df63f648a6aba6b213ebbb2e5b58e58ed0bbf5aa848b3,1,1,2.5875722500495613,2.039320395841506e-10,3.1658331772072e-11,58132,6489,8116,404,
feedback_ring,16,sparse_pulse,271,647988deb29a0dda054ba8a286e185a7e76be33c43e72d700cfa4d94ca605cd5,exact_exogenous_ode_segment,237ddbf24129288c132db48bda7e6a48becfbd62d4b2faaeaad6e9c086379287,1,1,2.931621375028044,5.031735004956354e-10,1.2799525328510697e-10,66393,6591,8264,5300,
feedback_ring,16,sparse_pulse,281,647988deb29a0dda054ba8a286e185a7e76be33c43e72d700cfa4d94ca605cd5,exact_exogenous_ode_segment,4dca19b404f6c647030774d73b15f5375c4833b0a047b0e4b4ceb69b70d178b6,1,1,2.919360791798681,3.486380011526907e-10,4.636484945974573e-11,66177,6582,8252,5216,
feedback_ring,16,dense_burst,271,647988deb29a0dda054ba8a286e185a7e76be33c43e72d700cfa4d94ca605cd5,exact_exogenous_ode_segment,ea48ea57bdce24476e9adb2eb642d71c9c385f9fb37fdaed0f0e65cb73701d50,1,1,4.950587832834572,7.362412800224105e-10,1.8234669330041697e-10,120123,7699,9864,38944,
feedback_ring,16,dense_burst,281,647988deb29a0dda054ba8a286e185a7e76be33c43e72d700cfa4d94ca605cd5,exact_exogenous_ode_segment,48c6803cf441e2fee0b65403897d7053b530be3d38608ede191dfb7fe7cd9dca,1,1,4.9734424580819905,5.258757095152722e-10,1.3787493716166388e-10,120539,7666,9820,39100,
feedback_ring,16,state_switch,271,647988deb29a0dda054ba8a286e185a7e76be33c43e72d700cfa4d94ca605cd5,exact_exogenous_ode_segment,8d18cfed95cf52bc9a9d38edd3180d010204a9d3feebc3886b7ba6206b2db6b0,1,1,3.1050628339871764,7.697627083580214e-10,1.725424664256181e-10,72254,6745,8485,10861,
feedback_ring,16,state_switch,281,647988deb29a0dda054ba8a286e185a7e76be33c43e72d700cfa4d94ca605cd5,exact_exogenous_ode_segment,164a6b9ce7e2ac1a8a3b5d6e130920fec012496c80d5967c06a999a362d260f1,1,1,3.104290207847953,5.185136441872992e-10,1.0764681507291485e-10,71948,6730,8464,10816,
feedback_ring,64,smooth,271,647988deb29a0dda054ba8a286e185a7e76be33c43e72d700cfa4d94ca605cd5,exact_exogenous_ode_segment,cbecf8a9435feec477c14eef3913e52bf37fdaccb4c74c7b6b0b19274f42b38b,4,4,10.189437000080943,7.504396652782407e-10,1.9106197342560333e-10,228466,25869,32341,452,
feedback_ring,64,smooth,281,647988deb29a0dda054ba8a286e185a7e76be33c43e72d700cfa4d94ca605cd5,exact_exogenous_ode_segment,6e948741e0be459dc59e610319e8cd485b4ff9b8b5c974e7e81fbf35ec397b59,4,4,10.29772699996829,6.663417880900409e-10,2.6798371258619086e-10,229551,25893,32375,536,
feedback_ring,64,sparse_pulse,271,647988deb29a0dda054ba8a286e185a7e76be33c43e72d700cfa4d94ca605cd5,exact_exogenous_ode_segment,8638b961fb93275673e8988c6defbe7018a18f96c04a689bad3604ecc85bf6a5,4,4,11.663431666791439,7.770307681405966e-10,2.1497636613562743e-10,264577,26310,32971,5336,
feedback_ring,64,sparse_pulse,281,647988deb29a0dda054ba8a286e185a7e76be33c43e72d700cfa4d94ca605cd5,exact_exogenous_ode_segment,b5d633df69ef3610c50c47b01c7a363536bc4390beabb4dac1b2ce83e54b40b3,4,4,11.696201791986823,7.105819971250509e-10,2.679837844687949e-10,265587,26343,33017,5474,
feedback_ring,64,dense_burst,271,647988deb29a0dda054ba8a286e185a7e76be33c43e72d700cfa4d94ca605cd5,exact_exogenous_ode_segment,843c728c3794bed709d83a6e606c9a4d7d930a0519d04b55266421c823459a11,4,4,19.71045724954456,8.434710564214325e-10,2.1497636613562743e-10,482037,30580,39006,38734,
feedback_ring,64,dense_burst,281,647988deb29a0dda054ba8a286e185a7e76be33c43e72d700cfa4d94ca605cd5,exact_exogenous_ode_segment,2224f108b468952a9783adcc80814fe643a0c7aaa5e76f31859197266108a5c2,4,4,19.938880458008498,8.217176900794472e-10,3.109342809268223e-10,487853,30499,38929,38737,
feedback_ring,64,state_switch,271,647988deb29a0dda054ba8a286e185a7e76be33c43e72d700cfa4d94ca605cd5,exact_exogenous_ode_segment,8777a57de80808ed1f59bd5cf47a3d2b2d20ab7e034972d7a2ce3c3be1b8e18e,4,4,12.347887875046581,8.756004576789836e-10,2.2565641889793486e-10,287738,26908,33814,11047,
feedback_ring,64,state_switch,281,647988deb29a0dda054ba8a286e185a7e76be33c43e72d700cfa4d94ca605cd5,exact_exogenous_ode_segment,b59d2051429a9a836b3869e1cacb86fd5db3649a944fe37f5ffc3c39d1f7540c,4,4,12.402859583031386,8.163885721486272e-10,2.679837450038358e-10,289450,26896,33800,11086,
feedback_ring,128,smooth,271,647988deb29a0dda054ba8a286e185a7e76be33c43e72d700cfa4d94ca605cd5,exact_exogenous_ode_segment,8a4db3332a456af70a8c491f452507e4e8147a7e9ada6f9d4a26de886e0f91be,7,7,20.437708207871765,4.317248132812347e-10,1.6444250800461135e-10,457171,51746,64691,449,
feedback_ring,128,smooth,281,647988deb29a0dda054ba8a286e185a7e76be33c43e72d700cfa4d94ca605cd5,exact_exogenous_ode_segment,d37afb0544b7f260ff9942f68f89812edb2ef925590905858d977aefc701f8f5,7,7,20.78006379213184,5.81475429456466e-10,2.1227494564099274e-10,459298,51761,64718,437,
feedback_ring,128,sparse_pulse,271,647988deb29a0dda054ba8a286e185a7e76be33c43e72d700cfa4d94ca605cd5,exact_exogenous_ode_segment,772a34ef3c58d494b55acda6d52951931a97f672e5ede66185a170cc74ea24bd,7,7,23.09555129194632,5.190972135562493e-10,2.1792240234574933e-10,519086,52487,65770,5303,
feedback_ring,128,sparse_pulse,281,647988deb29a0dda054ba8a286e185a7e76be33c43e72d700cfa4d94ca605cd5,exact_exogenous_ode_segment,3e7dbf8390e439f1df0f7a457ee8592a369bc76dae5c5443c75b4ef996ae29fa,7,7,23.224774125032127,5.757468065925477e-10,2.122749913401143e-10,524471,52478,65758,5642,
feedback_ring,128,dense_burst,271,647988deb29a0dda054ba8a286e185a7e76be33c43e72d700cfa4d94ca605cd5,exact_exogenous_ode_segment,8590eb905df484fd46e1fb875ee0f90252f04d98b07a8e4fbc7d07fba97abe1d,7,7,37.1092630000785,7.447365012986364e-10,3.212058986845623e-10,890050,59205,75396,39637,
feedback_ring,128,dense_burst,281,647988deb29a0dda054ba8a286e185a7e76be33c43e72d700cfa4d94ca605cd5,exact_exogenous_ode_segment,a6ace592e01d1d6924cf3bc0fb14de7b7e809ca31c231f99ab0c9c33bb529539,7,7,37.85399283375591,5.931338070596389e-10,2.122749913401143e-10,921762,59340,75634,41398,
feedback_ring,128,state_switch,271,647988deb29a0dda054ba8a286e185a7e76be33c43e72d700cfa4d94ca605cd5,exact_exogenous_ode_segment,2c59305d98244b2ad9bffafcb06b049710adcb0f8dcd8737e8137115d0f46426,7,7,24.126523041632026,7.02020389635281e-10,3.0013032337183887e-10,560040,53441,67126,11347,
feedback_ring,128,state_switch,281,647988deb29a0dda054ba8a286e185a7e76be33c43e72d700cfa4d94ca605cd5,exact_exogenous_ode_segment,1bb92b5744d8414e9a0ce242ba8e1f58dd3b489dfd5e32c38011eb8959cdd4e6,7,7,24.46588033437729,5.863173241564929e-10,2.1227495304067256e-10,568016,53426,67121,11701,
modular_sparse,16,smooth,271,647988deb29a0dda054ba8a286e185a7e76be33c43e72d700cfa4d94ca605cd5,exact_exogenous_ode_segment,fe3700063c0e747a78f8bcd8d59bbdf864a094cddc52ed242f65adeec005751a,1,1,3.8726972909644246,1.252009181688237e-10,2.7937222847607135e-11,57003,9186,10802,464,
modular_sparse,16,smooth,281,647988deb29a0dda054ba8a286e185a7e76be33c43e72d700cfa4d94ca605cd5,exact_exogenous_ode_segment,fe02e3f29da9b850316df63f648a6aba6b213ebbb2e5b58e58ed0bbf5aa848b3,1,1,4.045374709181488,3.322660787325585e-10,7.653118514350937e-11,56862,9693,11309,392,
modular_sparse,16,sparse_pulse,271,647988deb29a0dda054ba8a286e185a7e76be33c43e72d700cfa4d94ca605cd5,exact_exogenous_ode_segment,237ddbf24129288c132db48bda7e6a48becfbd62d4b2faaeaad6e9c086379287,1,1,4.432543125003576,4.911966531876998e-10,9.73500030587715e-11,68133,9423,11153,5315,
modular_sparse,16,sparse_pulse,281,647988deb29a0dda054ba8a286e185a7e76be33c43e72d700cfa4d94ca605cd5,exact_exogenous_ode_segment,4dca19b404f6c647030774d73b15f5375c4833b0a047b0e4b4ceb69b70d178b6,1,1,4.785768208093941,8.650644730199352e-10,9.207921231046967e-11,67824,10062,11786,5255,
modular_sparse,16,dense_burst,271,647988deb29a0dda054ba8a286e185a7e76be33c43e72d700cfa4d94ca605cd5,exact_exogenous_ode_segment,ea48ea57bdce24476e9adb2eb642d71c9c385f9fb37fdaed0f0e65cb73701d50,1,1,8.451752041932195,1.4928826071095685e-09,3.6967184868785807e-10,140205,11827,14637,38656,
modular_sparse,16,dense_burst,281,647988deb29a0dda054ba8a286e185a7e76be33c43e72d700cfa4d94ca605cd5,exact_exogenous_ode_segment,48c6803cf441e2fee0b65403897d7053b530be3d38608ede191dfb7fe7cd9dca,1,1,10.124291792046279,8.530453972277846e-10,1.3261378800644152e-10,148317,14178,17102,39334,
modular_sparse,16,state_switch,271,647988deb29a0dda054ba8a286e185a7e76be33c43e72d700cfa4d94ca605cd5,exact_exogenous_ode_segment,8d18cfed95cf52bc9a9d38edd3180d010204a9d3feebc3886b7ba6206b2db6b0,1,1,4.839283207897097,1.1130105149151552e-09,2.234189916405782e-10,76364,9775,11661,11032,
modular_sparse,16,state_switch,281,647988deb29a0dda054ba8a286e185a7e76be33c43e72d700cfa4d94ca605cd5,exact_exogenous_ode_segment,164a6b9ce7e2ac1a8a3b5d6e130920fec012496c80d5967c06a999a362d260f1,1,1,5.428367250133306,1.7357548596790618e-09,1.476280001022623e-10,78194,10666,12566,10993,
modular_sparse,64,smooth,271,647988deb29a0dda054ba8a286e185a7e76be33c43e72d700cfa4d94ca605cd5,exact_exogenous_ode_segment,cbecf8a9435feec477c14eef3913e52bf37fdaccb4c74c7b6b0b19274f42b38b,4,4,28.464313459116966,1.5474547227809213e-10,4.1813741705198915e-11,233089,64206,70765,407,
modular_sparse,64,smooth,281,647988deb29a0dda054ba8a286e185a7e76be33c43e72d700cfa4d94ca605cd5,exact_exogenous_ode_segment,6e948741e0be459dc59e610319e8cd485b4ff9b8b5c974e7e81fbf35ec397b59,4,4,28.409192209132016,2.770433165178987e-10,6.283277132097809e-11,237999,63152,69742,407,
modular_sparse,64,sparse_pulse,271,647988deb29a0dda054ba8a286e185a7e76be33c43e72d700cfa4d94ca605cd5,exact_exogenous_ode_segment,8638b961fb93275673e8988c6defbe7018a18f96c04a689bad3604ecc85bf6a5,4,4,34.59977574972436,6.428401232558343e-10,1.273276952623581e-10,287124,67228,74217,5219,
modular_sparse,64,sparse_pulse,281,647988deb29a0dda054ba8a286e185a7e76be33c43e72d700cfa4d94ca605cd5,exact_exogenous_ode_segment,b5d633df69ef3610c50c47b01c7a363536bc4390beabb4dac1b2ce83e54b40b3,4,4,33.239504375029355,6.011577264900324e-10,1.2514989045087077e-10,282941,64924,71914,5279,
modular_sparse,64,dense_burst,271,647988deb29a0dda054ba8a286e185a7e76be33c43e72d700cfa4d94ca605cd5,exact_exogenous_ode_segment,843c728c3794bed709d83a6e606c9a4d7d930a0519d04b55266421c823459a11,4,4,83.00260799983516,9.41620529431576e-10,1.975309776858225e-10,697397,100932,112956,39316,
modular_sparse,64,dense_burst,281,647988deb29a0dda054ba8a286e185a7e76be33c43e72d700cfa4d94ca605cd5,exact_exogenous_ode_segment,2224f108b468952a9783adcc80814fe643a0c7aaa5e76f31859197266108a5c2,4,4,74.3295915001072,8.414470190377718e-10,2.4116517810535143e-10,652571,87976,99454,39967,
modular_sparse,64,state_switch,271,647988deb29a0dda054ba8a286e185a7e76be33c43e72d700cfa4d94ca605cd5,exact_exogenous_ode_segment,8777a57de80808ed1f59bd5cf47a3d2b2d20ab7e034972d7a2ce3c3be1b8e18e,4,4,40.909299708902836,1.2467180088514997e-09,1.8744145124927059e-10,338221,72163,79891,11029,
modular_sparse,64,state_switch,281,647988deb29a0dda054ba8a286e185a7e76be33c43e72d700cfa4d94ca605cd5,exact_exogenous_ode_segment,b59d2051429a9a836b3869e1cacb86fd5db3649a944fe37f5ffc3c39d1f7540c,4,4,38.81946949986741,1.0283592546837135e-09,1.9238769258245192e-10,332215,68315,75960,11413,
modular_sparse,128,smooth,271,647988deb29a0dda054ba8a286e185a7e76be33c43e72d700cfa4d94ca605cd5,exact_exogenous_ode_segment,8a4db3332a456af70a8c491f452507e4e8147a7e9ada6f9d4a26de886e0f91be,7,7,73.56760749965906,2.624995238883027e-10,9.607970614857603e-11,463447,163608,176718,461,
modular_sparse,128,smooth,281,647988deb29a0dda054ba8a286e185a7e76be33c43e72d700cfa4d94ca605cd5,exact_exogenous_ode_segment,d37afb0544b7f260ff9942f68f89812edb2ef925590905858d977aefc701f8f5,7,7,73.28246337501332,2.3314038556251434e-10,5.0719870577781156e-11,460900,162812,175814,407,
modular_sparse,128,sparse_pulse,271,647988deb29a0dda054ba8a286e185a7e76be33c43e72d700cfa4d94ca605cd5,exact_exogenous_ode_segment,772a34ef3c58d494b55acda6d52951931a97f672e5ede66185a170cc74ea24bd,7,7,91.35668558394536,5.305389158673493e-10,1.4003287418518084e-10,576140,171390,185366,4871,
modular_sparse,128,sparse_pulse,281,647988deb29a0dda054ba8a286e185a7e76be33c43e72d700cfa4d94ca605cd5,exact_exogenous_ode_segment,3e7dbf8390e439f1df0f7a457ee8592a369bc76dae5c5443c75b4ef996ae29fa,7,7,89.2276772079058,4.3375900535227014e-10,1.6803019739497493e-10,571409,169521,183419,5540,
modular_sparse,128,dense_burst,271,647988deb29a0dda054ba8a286e185a7e76be33c43e72d700cfa4d94ca605cd5,exact_exogenous_ode_segment,8590eb905df484fd46e1fb875ee0f90252f04d98b07a8e4fbc7d07fba97abe1d,7,7,230.14997183298692,6.689705555091951e-10,1.3814485666507892e-10,1459026,260856,284632,39151,
modular_sparse,128,dense_burst,281,647988deb29a0dda054ba8a286e185a7e76be33c43e72d700cfa4d94ca605cd5,exact_exogenous_ode_segment,a6ace592e01d1d6924cf3bc0fb14de7b7e809ca31c231f99ab0c9c33bb529539,7,7,213.53750595916063,9.223098169443687e-10,3.2188234022623163e-10,1417536,247265,270705,40879,
modular_sparse,128,state_switch,271,647988deb29a0dda054ba8a286e185a7e76be33c43e72d700cfa4d94ca605cd5,exact_exogenous_ode_segment,2c59305d98244b2ad9bffafcb06b049710adcb0f8dcd8737e8137115d0f46426,7,7,108.73379266727716,9.538833322565321e-10,1.9215777406766943e-10,690938,184347,199749,11497,
modular_sparse,128,state_switch,281,647988deb29a0dda054ba8a286e185a7e76be33c43e72d700cfa4d94ca605cd5,exact_exogenous_ode_segment,1bb92b5744d8414e9a0ce242ba8e1f58dd3b489dfd5e32c38011eb8959cdd4e6,7,7,105.82491512456909,6.005740088962744e-10,1.2921291814294023e-10,683454,180973,196226,11560,
