run_id,phase,family,seed,policy,loss,active_loss,wall_seconds,mac_proxy,updates,critical_recall,critical_event_recall,switch_event_recall,recovery_cost_mac,total_mac_proxy,total_mac_budget,mac_budget_utilization,miss_fraction,recovery_fraction_given_miss,recovery_censor_fraction_given_miss,influence_spearman,joint_additivity_abs_gap
20261009T092726.879189Z,pilot,sparse_key,1300,cbcc,0.011964798632385254,0.0708081333608426,0.003371979168150574,63520.0,23.0,0.875,0.875,1.0,8664.0,508160.0,529152.0,0.9603289791969037,0.125,1.0,0.0,0.20717670073102706,0.00029539222048180133
20261009T092726.879189Z,pilot,sparse_key,1300,random,0.011814545954375042,0.07037876942141112,0.00045075523667037487,65928.0,25.125,0.25,0.25,1.0,16618.666666666668,527424.0,529152.0,0.9967343976777939,0.75,1.0,0.0,0.20717670073102706,0.00029539222048180133
20261009T092726.879189Z,pilot,sparse_key,1300,fixed_frequency,0.012013124825299738,0.07096950987709508,0.0003486822242848575,65928.0,25.125,0.25,0.25,1.0,17056.0,527424.0,529152.0,0.9967343976777939,0.75,1.0,0.0,0.20717670073102706,0.00029539222048180133
20261009T092726.879189Z,pilot,sparse_key,1300,activity,0.011356904066636723,0.06443078248616303,0.0007721823640167713,54888.0,20.625,0.625,0.625,1.0,15936.0,439104.0,529152.0,0.8298258345428157,0.375,1.0,0.0,0.20717670073102706,0.00029539222048180133
20261009T092726.879189Z,pilot,sparse_key,1300,no_influence,0.011528973703489846,0.06810291998240714,0.00047783314948901534,66136.0,24.875,0.25,0.25,1.0,16397.333333333332,529088.0,529152.0,0.9998790517658442,0.75,1.0,0.0,0.20717670073102706,0.00029539222048180133
20261009T092726.879189Z,pilot,sparse_key,1300,full_update,0.01087694470994447,nan,0.000556989514734596,251904.0,96.0,1.0,1.0,1.0,nan,2015232.0,529152.0,3.8084179970972425,0.0,nan,nan,0.20717670073102706,0.00029539222048180133
20261009T092726.879189Z,pilot,sparse_key,1300,zero_output,0.01201039737556618,nan,4.474131856113672e-06,0.0,0.0,0.0,0.0,0.0,nan,0.0,529152.0,0.0,1.0,0.0,1.0,0.20717670073102706,0.00029539222048180133
20261009T092726.879189Z,pilot,sparse_key,1301,cbcc,0.01039410911987285,0.0593226809642998,0.0033764272229745984,62536.0,22.625,0.875,0.875,1.0,6040.0,500288.0,529152.0,0.9454523463957426,0.125,1.0,0.0,0.13189947090274412,0.0003407332887722653
20261009T092726.879189Z,pilot,sparse_key,1301,random,0.011014572651864766,0.06474943531685277,0.0004571145982481539,65928.0,25.125,0.25,0.25,1.0,17056.0,527424.0,529152.0,0.9967343976777939,0.75,1.0,0.0,0.13189947090274412,0.0003407332887722653
20261009T092726.879189Z,pilot,sparse_key,1301,fixed_frequency,0.011141270454640952,0.06578977638830848,0.0003578332834877074,65928.0,25.125,0.375,0.375,1.0,17318.4,527424.0,529152.0,0.9967343976777939,0.625,1.0,0.0,0.13189947090274412,0.0003407332887722653
20261009T092726.879189Z,pilot,sparse_key,1301,activity,0.010466245914315562,0.0614630913146187,0.0008255103603005409,59152.0,22.25,0.625,0.625,1.0,15936.0,473216.0,529152.0,0.8942912433478472,0.375,1.0,0.0,0.13189947090274412,0.0003407332887722653
20261009T092726.879189Z,pilot,sparse_key,1301,no_influence,0.010764852020666918,0.0634564391162892,0.0005965938325971365,66136.0,24.875,0.375,0.375,1.0,17009.6,529088.0,529152.0,0.9998790517658442,0.625,1.0,0.0,0.13189947090274412,0.0003407332887722653
20261009T092726.879189Z,pilot,sparse_key,1301,full_update,0.009494330599750973,nan,0.0006276878411881626,251904.0,96.0,1.0,1.0,1.0,nan,2015232.0,529152.0,3.8084179970972425,0.0,nan,nan,0.13189947090274412,0.0003407332887722653
20261009T092726.879189Z,pilot,sparse_key,1301,zero_output,0.011206909390403343,nan,7.05191632732749e-06,0.0,0.0,0.0,0.0,0.0,nan,0.0,529152.0,0.0,1.0,0.0,1.0,0.13189947090274412,0.0003407332887722653
20261009T092726.879189Z,pilot,sparse_key,1302,cbcc,0.007721191808550916,0.04416554343209096,0.0031336405663751066,63520.0,23.0,1.0,1.0,1.0,nan,508160.0,529152.0,0.9603289791969037,0.0,nan,nan,0.19886637018572637,0.0002332075622066182
20261009T092726.879189Z,pilot,sparse_key,1302,random,0.007172736000980272,0.04244901291656753,0.0004767031641677022,65928.0,25.125,0.125,0.125,1.0,16493.714285714286,527424.0,529152.0,0.9967343976777939,0.875,1.0,0.0,0.19886637018572637,0.0002332075622066182
20261009T092726.879189Z,pilot,sparse_key,1302,fixed_frequency,0.007523029424845275,0.04467684494103366,0.0003853855887427926,65928.0,25.125,0.125,0.125,1.0,16493.714285714286,527424.0,529152.0,0.9967343976777939,0.875,1.0,0.0,0.19886637018572637,0.0002332075622066182
20261009T092726.879189Z,pilot,sparse_key,1302,activity,0.00777020467008784,0.04561195062037888,0.0007731772493571043,55216.0,20.75,0.75,0.75,1.0,15936.0,441728.0,529152.0,0.8347847121432027,0.25,1.0,0.0,0.19886637018572637,0.0002332075622066182
20261009T092726.879189Z,pilot,sparse_key,1302,no_influence,0.00683818285557946,0.04029082941579111,0.00046516169095411897,66136.0,24.875,0.25,0.25,1.0,16397.333333333332,529088.0,529152.0,0.9998790517658442,0.75,1.0,0.0,0.19886637018572637,0.0002332075622066182
20261009T092726.879189Z,pilot,sparse_key,1302,full_update,0.007045015891983926,nan,0.0006189638515934348,251904.0,96.0,1.0,1.0,1.0,nan,2015232.0,529152.0,3.8084179970972425,0.0,nan,nan,0.19886637018572637,0.0002332075622066182
20261009T092726.879189Z,pilot,sparse_key,1302,zero_output,0.007451912882095694,nan,4.619709216058254e-06,0.0,0.0,0.0,0.0,0.0,nan,0.0,529152.0,0.0,1.0,0.0,1.0,0.19886637018572637,0.0002332075622066182
20261009T092726.879189Z,pilot,sparse_key,1303,cbcc,0.010131098192835416,0.059071975637892134,0.003075901069678366,62536.0,22.625,0.75,0.75,1.0,4728.0,500288.0,529152.0,0.9454523463957426,0.25,1.0,0.0,0.15898944237797386,0.00022176595531265707
20261009T092726.879189Z,pilot,sparse_key,1303,random,0.010054825690867927,0.059992331663497205,0.0004659999976865947,65928.0,25.125,0.375,0.375,1.0,16268.8,527424.0,529152.0,0.9967343976777939,0.625,1.0,0.0,0.15898944237797386,0.00022176595531265707
20261009T092726.879189Z,pilot,sparse_key,1303,fixed_frequency,0.010470921809583374,0.062140860461733505,0.00037334911758080125,65928.0,25.125,0.125,0.125,1.0,16493.714285714286,527424.0,529152.0,0.9967343976777939,0.875,1.0,0.0,0.15898944237797386,0.00022176595531265707
20261009T092726.879189Z,pilot,sparse_key,1303,activity,0.009899349437338,0.057850959953454704,0.0007850726833567023,54232.0,20.375,0.5,0.5,1.0,15936.0,433856.0,529152.0,0.8199080793420416,0.5,1.0,0.0,0.15898944237797386,0.00022176595531265707
20261009T092726.879189Z,pilot,sparse_key,1303,no_influence,0.010146980386673637,0.06029374793161647,0.00046221341472119093,66136.0,24.875,0.125,0.125,1.0,16334.857142857143,529088.0,529152.0,0.9998790517658442,0.875,1.0,0.0,0.15898944237797386,0.00022176595531265707
20261009T092726.879189Z,pilot,sparse_key,1303,full_update,0.009283835133896405,nan,0.0005608439678326249,251904.0,96.0,1.0,1.0,1.0,nan,2015232.0,529152.0,3.8084179970972425,0.0,nan,nan,0.15898944237797386,0.00022176595531265707
20261009T092726.879189Z,pilot,sparse_key,1303,zero_output,0.010341133138676715,nan,4.604342393577099e-06,0.0,0.0,0.0,0.0,0.0,nan,0.0,529152.0,0.0,1.0,0.0,1.0,0.15898944237797386,0.00022176595531265707
20261009T092726.879189Z,pilot,sparse_key,1304,cbcc,0.013408684949242786,0.07692877221698532,0.0032422030344605446,63192.0,22.875,0.875,0.875,1.0,792.0,505536.0,529152.0,0.9553701015965167,0.125,1.0,0.0,0.1278187752981022,0.0004531058204410488
20261009T092726.879189Z,pilot,sparse_key,1304,random,0.01255642219062583,0.07429514416732869,0.00043782807188108563,65928.0,25.125,0.375,0.375,1.0,17843.2,527424.0,529152.0,0.9967343976777939,0.625,1.0,0.0,0.1278187752981022,0.0004531058204410488
20261009T092726.879189Z,pilot,sparse_key,1304,fixed_frequency,0.012582001025779221,0.07443395684436176,0.00034328672336414456,65928.0,25.125,0.625,0.625,1.0,18368.0,527424.0,529152.0,0.9967343976777939,0.375,1.0,0.0,0.1278187752981022,0.0004531058204410488
20261009T092726.879189Z,pilot,sparse_key,1304,activity,0.012169077859270898,0.07076439837681227,0.0007520572980865836,54560.0,20.5,0.75,0.75,1.0,15936.0,436480.0,529152.0,0.8248669569424286,0.25,1.0,0.0,0.1278187752981022,0.0004531058204410488
20261009T092726.879189Z,pilot,sparse_key,1304,no_influence,0.012116071391853823,0.07151138897879064,0.0005100887501612306,66136.0,24.875,0.125,0.125,1.0,16334.857142857143,529088.0,529152.0,0.9998790517658442,0.875,1.0,0.0,0.1278187752981022,0.0004531058204410488
20261009T092726.879189Z,pilot,sparse_key,1304,full_update,0.011102678851384454,nan,0.0005530884955078363,251904.0,96.0,1.0,1.0,1.0,nan,2015232.0,529152.0,3.8084179970972425,0.0,nan,nan,0.1278187752981022,0.0004531058204410488
20261009T092726.879189Z,pilot,sparse_key,1304,zero_output,0.013196952727713237,nan,4.651083145290613e-06,0.0,0.0,0.0,0.0,0.0,nan,0.0,529152.0,0.0,1.0,0.0,1.0,0.1278187752981022,0.0004531058204410488
20261009T092726.879189Z,pilot,sparse_key,1305,cbcc,0.015129599428261956,0.08876052244303625,0.0032265522750094533,63192.0,22.875,0.875,0.875,1.0,6040.0,505536.0,529152.0,0.9553701015965167,0.125,1.0,0.0,-0.028562742731921154,0.0005488874841843415
20261009T092726.879189Z,pilot,sparse_key,1305,random,0.015107134844757885,0.08990758519576528,0.00045063026482239366,65928.0,25.125,0.25,0.25,1.0,16181.333333333334,527424.0,529152.0,0.9967343976777939,0.75,1.0,0.0,-0.028562742731921154,0.0005488874841843415
20261009T092726.879189Z,pilot,sparse_key,1305,fixed_frequency,0.014364410673470478,0.08591537528785387,0.00037907814839854836,65928.0,25.125,0.625,0.625,1.0,16618.666666666668,527424.0,529152.0,0.9967343976777939,0.375,1.0,0.0,-0.028562742731921154,0.0005488874841843415
20261009T092726.879189Z,pilot,sparse_key,1305,activity,0.014593680351956505,0.08618706150463476,0.0007902031065896153,57512.0,21.625,0.375,0.375,1.0,15936.0,460096.0,529152.0,0.8694968553459119,0.625,1.0,0.0,-0.028562742731921154,0.0005488874841843415
20261009T092726.879189Z,pilot,sparse_key,1305,no_influence,0.014233502713492337,0.08480479220735848,0.0005143956514075398,66136.0,24.875,0.25,0.25,1.0,16834.666666666668,529088.0,529152.0,0.9998790517658442,0.75,1.0,0.0,-0.028562742731921154,0.0005488874841843415
20261009T092726.879189Z,pilot,sparse_key,1305,full_update,0.013835286480009697,nan,0.0005612444947473705,251904.0,96.0,1.0,1.0,1.0,nan,2015232.0,529152.0,3.8084179970972425,0.0,nan,nan,-0.028562742731921154,0.0005488874841843415
20261009T092726.879189Z,pilot,sparse_key,1305,zero_output,0.014755999178566343,nan,4.729372449219227e-06,0.0,0.0,0.0,0.0,0.0,nan,0.0,529152.0,0.0,1.0,0.0,1.0,-0.028562742731921154,0.0005488874841843415
20261009T092726.879189Z,pilot,sparse_key,1306,cbcc,0.009046981001964027,0.0528434869946448,0.003264145867433399,62864.0,22.75,0.75,0.75,1.0,3416.0,502912.0,529152.0,0.9504112239961297,0.25,1.0,0.0,0.14602861375676182,0.0004581488962116429
20261009T092726.879189Z,pilot,sparse_key,1306,random,0.008972121898462231,0.053105587297872216,0.0004438020405359566,65928.0,25.125,0.375,0.375,1.0,16793.6,527424.0,529152.0,0.9967343976777939,0.625,1.0,0.0,0.14602861375676182,0.0004581488962116429
20261009T092726.879189Z,pilot,sparse_key,1306,fixed_frequency,0.008842527516083406,0.05289976711472298,0.000381802034098655,65928.0,25.125,0.125,0.125,1.0,16493.714285714286,527424.0,529152.0,0.9967343976777939,0.875,1.0,0.0,0.14602861375676182,0.0004581488962116429
20261009T092726.879189Z,pilot,sparse_key,1306,activity,0.009233980714055404,0.05396958335009443,0.0008011721074581146,56528.0,21.25,0.25,0.25,1.0,15936.0,452224.0,529152.0,0.8546202225447509,0.75,1.0,0.0,0.14602861375676182,0.0004581488962116429
20261009T092726.879189Z,pilot,sparse_key,1306,no_influence,0.008751375385516569,0.05167191893572276,0.0004775727866217494,66136.0,24.875,0.125,0.125,1.0,16709.714285714286,529088.0,529152.0,0.9998790517658442,0.875,1.0,0.0,0.14602861375676182,0.0004581488962116429
20261009T092726.879189Z,pilot,sparse_key,1306,full_update,0.007965152726395378,nan,0.0005529895424842834,251904.0,96.0,1.0,1.0,1.0,nan,2015232.0,529152.0,3.8084179970972425,0.0,nan,nan,0.14602861375676182,0.0004581488962116429
20261009T092726.879189Z,pilot,sparse_key,1306,zero_output,0.008698409653796686,nan,4.57314308732748e-06,0.0,0.0,0.0,0.0,0.0,nan,0.0,529152.0,0.0,1.0,0.0,1.0,0.14602861375676182,0.0004581488962116429
20261009T092726.879189Z,pilot,sparse_key,1307,cbcc,0.008921387836796977,0.05117328817356529,0.0033292812295258045,63192.0,22.875,0.625,0.625,1.0,6914.666666666667,505536.0,529152.0,0.9553701015965167,0.375,1.0,0.0,0.15798401053766808,0.00045830906420672274
20261009T092726.879189Z,pilot,sparse_key,1307,random,0.009055888603325287,0.05312851555560352,0.00043506239308044314,65928.0,25.125,0.5,0.5,1.0,16400.0,527424.0,529152.0,0.9967343976777939,0.5,1.0,0.0,0.15798401053766808,0.00045830906420672274
20261009T092726.879189Z,pilot,sparse_key,1307,fixed_frequency,0.009028776726193163,0.05334952356627841,0.0003663332900032401,65928.0,25.125,0.25,0.25,1.0,16618.666666666668,527424.0,529152.0,0.9967343976777939,0.75,1.0,0.0,0.15798401053766808,0.00045830906420672274
20261009T092726.879189Z,pilot,sparse_key,1307,activity,0.008775948446573,0.05068761250100881,0.0007519946084357798,53248.0,20.0,0.125,0.125,1.0,14061.714285714286,425984.0,529152.0,0.8050314465408805,0.875,1.0,0.0,0.15798401053766808,0.00045830906420672274
20261009T092726.879189Z,pilot,sparse_key,1307,no_influence,0.008548614615578152,0.05045513591236065,0.0005521611892618239,66136.0,24.875,0.375,0.375,1.0,16484.8,529088.0,529152.0,0.9998790517658442,0.625,1.0,0.0,0.15798401053766808,0.00045830906420672274
20261009T092726.879189Z,pilot,sparse_key,1307,full_update,0.008059140520304053,nan,0.0005865361890755594,251904.0,96.0,1.0,1.0,1.0,nan,2015232.0,529152.0,3.8084179970972425,0.0,nan,nan,0.15798401053766808,0.00045830906420672274
20261009T092726.879189Z,pilot,sparse_key,1307,zero_output,0.009050415893993257,nan,4.7344365157186985e-06,0.0,0.0,0.0,0.0,0.0,nan,0.0,529152.0,0.0,1.0,0.0,1.0,0.15798401053766808,0.00045830906420672274
20261009T092726.879189Z,pilot,feedback_switch,1300,cbcc,0.027368556210103832,0.073273670534606,0.003127713454887271,3168.0,0.0,0.0,0.0,0.0,nan,25344.0,529152.0,0.047895500725689405,1.0,0.0,1.0,0.16409682704225287,0.0035297469185310696
20261009T092726.879189Z,pilot,feedback_switch,1300,random,0.026380584953097093,0.07014879310598608,0.0005054689827375114,65928.0,25.125,0.25,0.25,0.125,nan,527424.0,529152.0,0.9967343976777939,1.0,0.0,1.0,0.16409682704225287,0.0035297469185310696
20261009T092726.879189Z,pilot,feedback_switch,1300,fixed_frequency,0.02500266863880528,0.06688388005871385,0.00039984373142942786,65928.0,25.125,0.25,0.25,0.125,nan,527424.0,529152.0,0.9967343976777939,0.875,0.0,1.0,0.16409682704225287,0.0035297469185310696
20261009T092726.879189Z,pilot,feedback_switch,1300,activity,0.025147468258088026,0.06458890359032286,0.0007646824233233929,55544.0,20.875,0.5,0.5,0.25,5312.0,444352.0,529152.0,0.8397435897435898,0.875,0.14285714285714285,0.8571428571428571,0.16409682704225287,0.0035297469185310696
20261009T092726.879189Z,pilot,feedback_switch,1300,no_influence,0.018940654533982266,0.04947379580444355,0.00045843212865293026,66136.0,24.875,0.25,0.25,0.25,5320.0,529088.0,529152.0,0.9998790517658442,0.75,0.16666666666666666,0.8333333333333334,0.16409682704225287,0.0035297469185310696
20261009T092726.879189Z,pilot,feedback_switch,1300,full_update,0.01275884029379234,nan,0.0005531611386686563,251904.0,96.0,1.0,1.0,1.0,nan,2015232.0,529152.0,3.8084179970972425,0.0,nan,nan,0.16409682704225287,0.0035297469185310696
20261009T092726.879189Z,pilot,feedback_switch,1300,zero_output,0.026960458910629388,nan,8.031202014535666e-06,0.0,0.0,0.0,0.0,0.0,nan,0.0,529152.0,0.0,1.0,0.0,1.0,0.16409682704225287,0.0035297469185310696
20261009T092726.879189Z,pilot,feedback_switch,1301,cbcc,0.028287250383293355,0.06720291926294714,0.003113041748292744,3168.0,0.0,0.0,0.0,0.0,nan,25344.0,529152.0,0.047895500725689405,1.0,0.0,1.0,0.15788734597251508,0.002848330464363022
20261009T092726.879189Z,pilot,feedback_switch,1301,random,0.03106381529315056,0.07350122044443365,0.00043889047810807824,65928.0,25.125,0.25,0.25,0.5,nan,527424.0,529152.0,0.9967343976777939,0.75,0.0,1.0,0.15788734597251508,0.002848330464363022
20261009T092726.879189Z,pilot,feedback_switch,1301,fixed_frequency,0.02821108376520004,0.06687072678213231,0.00037285423604771495,65928.0,25.125,0.375,0.375,0.625,nan,527424.0,529152.0,0.9967343976777939,0.75,0.0,1.0,0.15788734597251508,0.002848330464363022
20261009T092726.879189Z,pilot,feedback_switch,1301,activity,0.03552303385143203,0.08366617660304376,0.0008120523416437209,57184.0,21.5,0.125,0.125,0.25,15936.0,457472.0,529152.0,0.8645379777455249,1.0,0.125,0.875,0.15788734597251508,0.002848330464363022
20261009T092726.879189Z,pilot,feedback_switch,1301,no_influence,0.027826929591215868,0.06725775962735517,0.0005367968115024269,66136.0,24.875,0.375,0.375,0.375,18584.0,529088.0,529152.0,0.9998790517658442,0.625,0.2,0.8,0.15788734597251508,0.002848330464363022
20261009T092726.879189Z,pilot,feedback_switch,1301,full_update,0.015337611388196533,nan,0.0005646510398946702,251904.0,96.0,1.0,1.0,1.0,nan,2015232.0,529152.0,3.8084179970972425,0.0,nan,nan,0.15788734597251508,0.002848330464363022
20261009T092726.879189Z,pilot,feedback_switch,1301,zero_output,0.02832759157768861,nan,4.749861545860767e-06,0.0,0.0,0.0,0.0,0.0,nan,0.0,529152.0,0.0,1.0,0.0,1.0,0.15788734597251508,0.002848330464363022
20261009T092726.879189Z,pilot,feedback_switch,1302,cbcc,0.0186014732356574,0.045427266112185366,0.0030156304710544646,3168.0,0.0,0.0,0.0,0.0,nan,25344.0,529152.0,0.047895500725689405,1.0,0.0,1.0,0.1757794711052162,0.002339095400128633
20261009T092726.879189Z,pilot,feedback_switch,1302,random,0.016724802917896492,0.04026833633697175,0.00044454692397266626,65928.0,25.125,0.125,0.125,0.375,nan,527424.0,529152.0,0.9967343976777939,1.0,0.0,1.0,0.1757794711052162,0.002339095400128633
20261009T092726.879189Z,pilot,feedback_switch,1302,fixed_frequency,0.01726911872886983,0.0421836938526241,0.00038087484426796436,65928.0,25.125,0.125,0.125,0.25,nan,527424.0,529152.0,0.9967343976777939,1.0,0.0,1.0,0.1757794711052162,0.002339095400128633
20261009T092726.879189Z,pilot,feedback_switch,1302,activity,0.01686284754970576,0.040954178015455575,0.0007550780428573489,49640.0,18.625,0.5,0.5,0.75,nan,397120.0,529152.0,0.7504837929366232,0.625,0.0,1.0,0.1757794711052162,0.002339095400128633
20261009T092726.879189Z,pilot,feedback_switch,1302,no_influence,0.01474083399405676,0.0316302674281364,0.0004903281223960221,66136.0,24.875,0.25,0.25,0.25,15942.0,529088.0,529152.0,0.9998790517658442,0.75,0.3333333333333333,0.6666666666666666,0.1757794711052162,0.002339095400128633
20261009T092726.879189Z,pilot,feedback_switch,1302,full_update,0.008698076790327565,nan,0.0005554010858759284,251904.0,96.0,1.0,1.0,1.0,nan,2015232.0,529152.0,3.8084179970972425,0.0,nan,nan,0.1757794711052162,0.002339095400128633
20261009T092726.879189Z,pilot,feedback_switch,1302,zero_output,0.01826037826818381,nan,4.588335286825895e-06,0.0,0.0,0.0,0.0,0.0,nan,0.0,529152.0,0.0,1.0,0.0,1.0,0.1757794711052162,0.002339095400128633
20261009T092726.879189Z,pilot,feedback_switch,1303,cbcc,0.02675415509250928,0.06263477852464494,0.0031198958749882877,3168.0,0.0,0.0,0.0,0.0,nan,25344.0,529152.0,0.047895500725689405,1.0,0.0,1.0,0.150197803302546,0.0031115528237766242
20261009T092726.879189Z,pilot,feedback_switch,1303,random,0.024859180555108096,0.05851863684860553,0.0004248750628903508,65928.0,25.125,0.375,0.375,0.25,nan,527424.0,529152.0,0.9967343976777939,1.0,0.0,1.0,0.150197803302546,0.0031115528237766242
20261009T092726.879189Z,pilot,feedback_switch,1303,fixed_frequency,0.027367382164930672,0.06383672854589093,0.0003608853439800441,65928.0,25.125,0.125,0.125,0.25,nan,527424.0,529152.0,0.9967343976777939,0.875,0.0,1.0,0.150197803302546,0.0031115528237766242
20261009T092726.879189Z,pilot,feedback_switch,1303,activity,0.025379992228199363,0.0583828649267473,0.0008285989169962704,56528.0,21.25,0.75,0.75,0.5,26560.0,452224.0,529152.0,0.8546202225447509,0.625,0.2,0.8,0.150197803302546,0.0031115528237766242
20261009T092726.879189Z,pilot,feedback_switch,1303,no_influence,0.03989198656236563,0.09140560988971386,0.0005200105952098966,66136.0,24.875,0.125,0.125,0.125,29260.0,529088.0,529152.0,0.9998790517658442,0.875,0.14285714285714285,0.8571428571428571,0.150197803302546,0.0031115528237766242
20261009T092726.879189Z,pilot,feedback_switch,1303,full_update,0.0222535475839698,nan,0.0005501354462467134,251904.0,96.0,1.0,1.0,1.0,nan,2015232.0,529152.0,3.8084179970972425,0.0,nan,nan,0.150197803302546,0.0031115528237766242
20261009T092726.879189Z,pilot,feedback_switch,1303,zero_output,0.026477585987178334,nan,4.484609235078096e-06,0.0,0.0,0.0,0.0,0.0,nan,0.0,529152.0,0.0,1.0,0.0,1.0,0.150197803302546,0.0031115528237766242
20261009T092726.879189Z,pilot,feedback_switch,1304,cbcc,0.031343701272918925,0.0797270406224403,0.003557676973287016,3168.0,0.0,0.0,0.0,0.0,nan,25344.0,529152.0,0.047895500725689405,1.0,0.0,1.0,-0.14416792332820075,0.0024555190933766478
20261009T092726.879189Z,pilot,feedback_switch,1304,random,0.030367889220443853,0.07748052786312366,0.0004804374184459448,65928.0,25.125,0.375,0.375,0.375,nan,527424.0,529152.0,0.9967343976777939,0.875,0.0,1.0,-0.14416792332820075,0.0024555190933766478
20261009T092726.879189Z,pilot,feedback_switch,1304,fixed_frequency,0.026158252081179906,0.06637932342563818,0.0003939998568966985,65928.0,25.125,0.625,0.625,0.25,nan,527424.0,529152.0,0.9967343976777939,0.875,0.0,1.0,-0.14416792332820075,0.0024555190933766478
20261009T092726.879189Z,pilot,feedback_switch,1304,activity,0.02517398216385599,0.05846582660274069,0.000843463814817369,59152.0,22.25,0.625,0.625,0.625,nan,473216.0,529152.0,0.8942912433478472,0.5,0.0,1.0,-0.14416792332820075,0.0024555190933766478
20261009T092726.879189Z,pilot,feedback_switch,1304,no_influence,0.01853991222048807,0.04514775029527662,0.0005204638582654297,66136.0,24.875,0.125,0.125,0.125,nan,529088.0,529152.0,0.9998790517658442,0.875,0.0,1.0,-0.14416792332820075,0.0024555190933766478
20261009T092726.879189Z,pilot,feedback_switch,1304,full_update,0.012599641461215604,nan,0.0006408851477317512,251904.0,96.0,1.0,1.0,1.0,nan,2015232.0,529152.0,3.8084179970972425,0.0,nan,nan,-0.14416792332820075,0.0024555190933766478
20261009T092726.879189Z,pilot,feedback_switch,1304,zero_output,0.0310527322853472,nan,5.171401426196098e-06,0.0,0.0,0.0,0.0,0.0,nan,0.0,529152.0,0.0,1.0,0.0,1.0,-0.14416792332820075,0.0024555190933766478
20261009T092726.879189Z,pilot,feedback_switch,1305,cbcc,0.036219884053989446,0.08781286971110636,0.003486494766548276,3168.0,0.0,0.0,0.0,0.0,nan,25344.0,529152.0,0.047895500725689405,1.0,0.0,1.0,0.21096867276470752,0.005661759393722565
20261009T092726.879189Z,pilot,feedback_switch,1305,random,0.035994393946768094,0.08738543402180028,0.000597124919295311,65928.0,25.125,0.25,0.25,0.375,nan,527424.0,529152.0,0.9967343976777939,0.875,0.0,1.0,0.21096867276470752,0.005661759393722565
20261009T092726.879189Z,pilot,feedback_switch,1305,fixed_frequency,0.033952818028945356,0.08223675799394606,0.00045969284838065505,65928.0,25.125,0.625,0.625,0.375,nan,527424.0,529152.0,0.9967343976777939,0.75,0.0,1.0,0.21096867276470752,0.005661759393722565
20261009T092726.879189Z,pilot,feedback_switch,1305,activity,0.03456960160181947,0.08375324611972837,0.0009252497693523765,55544.0,20.875,0.625,0.625,0.375,nan,444352.0,529152.0,0.8397435897435898,0.875,0.0,1.0,0.21096867276470752,0.005661759393722565
20261009T092726.879189Z,pilot,feedback_switch,1305,no_influence,0.02345911868124027,0.05707068092754309,0.0006395000964403152,66136.0,24.875,0.25,0.25,0.25,23904.0,529088.0,529152.0,0.9998790517658442,0.75,0.16666666666666666,0.8333333333333334,0.21096867276470752,0.005661759393722565
20261009T092726.879189Z,pilot,feedback_switch,1305,full_update,0.029245743665419516,nan,0.0005944845615886152,251904.0,96.0,1.0,1.0,1.0,nan,2015232.0,529152.0,3.8084179970972425,0.0,nan,nan,0.21096867276470752,0.005661759393722565
20261009T092726.879189Z,pilot,feedback_switch,1305,zero_output,0.03656963560795158,nan,5.177163984626532e-06,0.0,0.0,0.0,0.0,0.0,nan,0.0,529152.0,0.0,1.0,0.0,1.0,0.21096867276470752,0.005661759393722565
20261009T092726.879189Z,pilot,feedback_switch,1306,cbcc,0.01886635995749687,0.05182569530884516,0.003578869509510696,3168.0,0.0,0.0,0.0,0.0,nan,25344.0,529152.0,0.047895500725689405,1.0,0.0,1.0,-0.09935975935475636,0.0031319312815609006
20261009T092726.879189Z,pilot,feedback_switch,1306,random,0.018347035034578105,0.049884257375542335,0.0005706770461983979,65928.0,25.125,0.375,0.375,0.5,nan,527424.0,529152.0,0.9967343976777939,0.875,0.0,1.0,-0.09935975935475636,0.0031319312815609006
20261009T092726.879189Z,pilot,feedback_switch,1306,fixed_frequency,0.0191564452181982,0.05263227590875767,0.00041040615178644657,65928.0,25.125,0.125,0.125,0.25,nan,527424.0,529152.0,0.9967343976777939,1.0,0.0,1.0,-0.09935975935475636,0.0031319312815609006
20261009T092726.879189Z,pilot,feedback_switch,1306,activity,0.027024040312361268,0.06710615329613655,0.0009735469939187169,50624.0,19.0,0.5,0.5,0.375,5312.0,404992.0,529152.0,0.7653604257377842,0.75,0.16666666666666666,0.8333333333333334,-0.09935975935475636,0.0031319312815609006
20261009T092726.879189Z,pilot,feedback_switch,1306,no_influence,0.02789975571552439,0.0741959921116153,0.0005524168373085558,66136.0,24.875,0.125,0.125,0.125,nan,529088.0,529152.0,0.9998790517658442,0.875,0.0,1.0,-0.09935975935475636,0.0031319312815609006
20261009T092726.879189Z,pilot,feedback_switch,1306,full_update,0.016810359304736122,nan,0.0006109169335104525,251904.0,96.0,1.0,1.0,1.0,nan,2015232.0,529152.0,3.8084179970972425,0.0,nan,nan,-0.09935975935475636,0.0031319312815609006
20261009T092726.879189Z,pilot,feedback_switch,1306,zero_output,0.01897655768174075,nan,5.192647222429514e-06,0.0,0.0,0.0,0.0,0.0,nan,0.0,529152.0,0.0,1.0,0.0,1.0,-0.09935975935475636,0.0031319312815609006
20261009T092726.879189Z,pilot,feedback_switch,1307,cbcc,0.021538033613601,0.05439577322238006,0.0032770157558843493,3168.0,0.0,0.0,0.0,0.0,nan,25344.0,529152.0,0.047895500725689405,1.0,0.0,1.0,-0.040657181444911906,0.003002083633125837
20261009T092726.879189Z,pilot,feedback_switch,1307,random,0.01897700404246086,0.04761400152846533,0.00045805727131664753,65928.0,25.125,0.5,0.5,0.0,18368.0,527424.0,529152.0,0.9967343976777939,1.0,0.125,0.875,-0.040657181444911906,0.003002083633125837
20261009T092726.879189Z,pilot,feedback_switch,1307,fixed_frequency,0.022209098114190976,0.05678473023810093,0.0003619528724811971,65928.0,25.125,0.25,0.25,0.125,nan,527424.0,529152.0,0.9967343976777939,1.0,0.0,1.0,-0.040657181444911906,0.003002083633125837
20261009T092726.879189Z,pilot,feedback_switch,1307,activity,0.02289200385961794,0.056628193122631384,0.0009607344400137663,51608.0,19.375,0.75,0.75,0.0,nan,412864.0,529152.0,0.7802370585389453,1.0,0.0,1.0,-0.040657181444911906,0.003002083633125837
20261009T092726.879189Z,pilot,feedback_switch,1307,no_influence,0.023313101277121155,0.06217784588909296,0.0005181874730624259,66136.0,24.875,0.375,0.375,0.375,nan,529088.0,529152.0,0.9998790517658442,0.625,0.0,1.0,-0.040657181444911906,0.003002083633125837
20261009T092726.879189Z,pilot,feedback_switch,1307,full_update,0.01752593949814128,nan,0.0006724845734424889,251904.0,96.0,1.0,1.0,1.0,nan,2015232.0,529152.0,3.8084179970972425,0.0,nan,nan,-0.040657181444911906,0.003002083633125837
20261009T092726.879189Z,pilot,feedback_switch,1307,zero_output,0.021488183951986234,nan,6.609305273741484e-06,0.0,0.0,0.0,0.0,0.0,nan,0.0,529152.0,0.0,1.0,0.0,1.0,-0.040657181444911906,0.003002083633125837
