epoch,train_weighted_mse,validation_weighted_mse
1,0.6614197421031179,0.5133416675247598
2,0.4134052327442286,0.35537961013822417
3,0.2999294900497372,0.2678197269263204
4,0.23858766647776852,0.22367225024055967
5,0.21193133873792033,0.20282828764733943
6,0.1973588984389495,0.19141773700995368
7,0.18732988813749632,0.19030993160876505
8,0.1807427470783041,0.1755698843811966
9,0.1765166681736364,0.1662467001529816
10,0.17078388725686938,0.16339241022585382
11,0.16821299588309113,0.17365755397228025
12,0.1656866104793389,0.16838071000836932
13,0.16243566871503265,0.1654048527982438
14,0.16177425561428047,0.15772968555652117
15,0.15864580173836773,0.15971807321473644
16,0.15615421206693866,0.16906837577144704
17,0.1562650971573589,0.1473131286819689
18,0.15261997282825632,0.15651446209889264
19,0.1540537792659629,0.1471033592664449
20,0.15188497472599766,0.1505832474004051
21,0.14907852529609433,0.14577633716322516
22,0.14933300340525446,0.14266868462673277
23,0.1493026971357835,0.1497999984168482
24,0.14649168179005062,0.14319697608375156
25,0.144941357846004,0.14425457958401727
26,0.144144863877911,0.14233063932012135
27,0.14368001868624836,0.14038143487213292
28,0.14302964444684788,0.13436674733908535
29,0.1428574730600658,0.1442398511954925
30,0.14245302079415992,0.14266666448749835
31,0.1404533167730579,0.13895710253025848
32,0.13949538555366586,0.1521248034801198
33,0.13928504865063637,0.1521806716937685
34,0.13767822129548551,0.13659834669118917
35,0.13795353769881252,0.1404921621352066
36,0.13677197547477676,0.13617410863005847
37,0.13587120316442827,0.13131752177603237
38,0.1366485232567977,0.13162650318320088
39,0.13715350287246675,0.1298805438817508
40,0.13504535148555005,0.1381460855631726
41,0.13288587954169712,0.14485149212973175
42,0.1329428748848914,0.12716537901656538
43,0.1312743368332144,0.132809236461292
44,0.13187214087204788,0.13379561556068595
45,0.1311391246003631,0.13770599449147486
46,0.13012074909654886,0.13006252569327154
47,0.13017616296194742,0.13803336717179715
48,0.13070214603510388,0.12653214049694558
49,0.1296450401411832,0.13269351169395344
50,0.1293784549592208,0.12419523337135943
51,0.12760341384497742,0.1357517811024679
52,0.12650742761024705,0.13005917298210154
53,0.12934959925061018,0.12753051439977311
54,0.12640874220629875,0.1295013676013421
55,0.12556148435888048,0.12482908036958017
56,0.12383205933912042,0.14348110252901788
57,0.12564725883956815,0.12421719376839674
58,0.12457769144579695,0.1261012999237724
59,0.12468917163212868,0.1316194356598281
60,0.12507880936105728,0.12596050235310394
