driver_wall_seconds,exact_rerun_match,fixture,full_state_scans,initialization_wall_seconds,input_sha256,max_abs_readout_error,max_abs_state_error,messages_delivered,operation_counts_json,output_path,peak_rss_platform_units,repeat,run_cpu_seconds,run_wall_seconds,seed,semantic_output_sha256,status,trace_path,trace_sha256,trajectory_index,transition_calls
0.016110124997794628,True,seed300_trajectory0,16,0.0002288343384861946,d4ca502df6e09279f82f097df3d070920b57ea6be92210f7aad4007df8710d57,1.0880185641326534e-14,2.220446049250313e-15,105,"{""aggregate_edge_updates"": 105, ""candidate_coalesces"": 0, ""candidate_enqueues"": 111, ""deadline_pops"": 0, ""deadline_pushes"": 0, ""forced_updates"": 0, ""full_state_materializations"": 17, ""full_state_scans"": 16, ""holds"": 0, ""input_events_seen"": 6, ""messages_delivered"": 105, ""messages_sent"": 112, ""output_bytes_materialized"": 34944, ""policy_calls"": 0, ""policy_failures"": 0, ""queue_pops"": 105, ""queue_pushes"": 112, ""readout_calls"": 16, ""readouts"": 16, ""stale_deadlines"": 0, ""trace_records"": 878, ""transition_failures"": 0, ""transitions"": 512}",raw/outputs/seed300_trajectory0_repeat1.npz,270860288,1,0.010538999999999854,0.01056720782071352,300,5ff15b5ab07e34d36cf01863eaf276858d4ed764ce2a88f199b35942919face3,PASS,raw/traces/seed300_trajectory0_repeat1.jsonl,6280a37fb075bfa968a3620efab2e2906d8400ba0c79815e4611a8cb8b50afcd,0,512
0.01674004178494215,True,seed300_trajectory0,16,0.00019087502732872963,d4ca502df6e09279f82f097df3d070920b57ea6be92210f7aad4007df8710d57,1.0880185641326534e-14,2.220446049250313e-15,105,"{""aggregate_edge_updates"": 105, ""candidate_coalesces"": 0, ""candidate_enqueues"": 111, ""deadline_pops"": 0, ""deadline_pushes"": 0, ""forced_updates"": 0, ""full_state_materializations"": 17, ""full_state_scans"": 16, ""holds"": 0, ""input_events_seen"": 6, ""messages_delivered"": 105, ""messages_sent"": 112, ""output_bytes_materialized"": 34944, ""policy_calls"": 0, ""policy_failures"": 0, ""queue_pops"": 105, ""queue_pushes"": 112, ""readout_calls"": 16, ""readouts"": 16, ""stale_deadlines"": 0, ""trace_records"": 878, ""transition_failures"": 0, ""transitions"": 512}",raw/outputs/seed300_trajectory0_repeat2.npz,273072128,2,0.011114000000000068,0.011181207839399576,300,5ff15b5ab07e34d36cf01863eaf276858d4ed764ce2a88f199b35942919face3,PASS,raw/traces/seed300_trajectory0_repeat2.jsonl,6280a37fb075bfa968a3620efab2e2906d8400ba0c79815e4611a8cb8b50afcd,0,512
0.015145875047892332,True,seed300_trajectory1,16,0.00017575034871697426,a6d9f20ad9d9a48c0078e65db8a6d3278868606050ed4d69b800d9b27f9fe7f1,7.327471962526033e-15,1.1102230246251565e-15,105,"{""aggregate_edge_updates"": 105, ""candidate_coalesces"": 0, ""candidate_enqueues"": 110, ""deadline_pops"": 0, ""deadline_pushes"": 0, ""forced_updates"": 0, ""full_state_materializations"": 17, ""full_state_scans"": 16, ""holds"": 0, ""input_events_seen"": 5, ""messages_delivered"": 105, ""messages_sent"": 112, ""output_bytes_materialized"": 34944, ""policy_calls"": 0, ""policy_failures"": 0, ""queue_pops"": 105, ""queue_pushes"": 112, ""readout_calls"": 16, ""readouts"": 16, ""stale_deadlines"": 0, ""trace_records"": 876, ""transition_failures"": 0, ""transitions"": 512}",raw/outputs/seed300_trajectory1_repeat1.npz,273088512,1,0.010552000000000117,0.010551082901656628,300,f0fafd8159b5e86f3ec89f36137db49600ba346d365781a3980b445aa1d8c314,PASS,raw/traces/seed300_trajectory1_repeat1.jsonl,1e1466eb4f7df71b2bdb9250cae779b3648aa373ea3fb2671a2426ceb60dc817,1,512
0.014282540883868933,True,seed300_trajectory1,16,0.00014341622591018677,a6d9f20ad9d9a48c0078e65db8a6d3278868606050ed4d69b800d9b27f9fe7f1,7.327471962526033e-15,1.1102230246251565e-15,105,"{""aggregate_edge_updates"": 105, ""candidate_coalesces"": 0, ""candidate_enqueues"": 110, ""deadline_pops"": 0, ""deadline_pushes"": 0, ""forced_updates"": 0, ""full_state_materializations"": 17, ""full_state_scans"": 16, ""holds"": 0, ""input_events_seen"": 5, ""messages_delivered"": 105, ""messages_sent"": 112, ""output_bytes_materialized"": 34944, ""policy_calls"": 0, ""policy_failures"": 0, ""queue_pops"": 105, ""queue_pushes"": 112, ""readout_calls"": 16, ""readouts"": 16, ""stale_deadlines"": 0, ""trace_records"": 876, ""transition_failures"": 0, ""transitions"": 512}",raw/outputs/seed300_trajectory1_repeat2.npz,273088512,2,0.009670999999999985,0.009672041051089764,300,f0fafd8159b5e86f3ec89f36137db49600ba346d365781a3980b445aa1d8c314,PASS,raw/traces/seed300_trajectory1_repeat2.jsonl,1e1466eb4f7df71b2bdb9250cae779b3648aa373ea3fb2671a2426ceb60dc817,1,512
0.01565708266571164,True,seed301_trajectory0,16,0.00016141729429364204,f14a28a9e470cafc53e269d061b8246d7c5b73a015395105e09d636a6edcf41e,1.3322676295501878e-14,2.3314683517128287e-15,105,"{""aggregate_edge_updates"": 105, ""candidate_coalesces"": 0, ""candidate_enqueues"": 109, ""deadline_pops"": 0, ""deadline_pushes"": 0, ""forced_updates"": 0, ""full_state_materializations"": 17, ""full_state_scans"": 16, ""holds"": 0, ""input_events_seen"": 4, ""messages_delivered"": 105, ""messages_sent"": 112, ""output_bytes_materialized"": 34944, ""policy_calls"": 0, ""policy_failures"": 0, ""queue_pops"": 105, ""queue_pushes"": 112, ""readout_calls"": 16, ""readouts"": 16, ""stale_deadlines"": 0, ""trace_records"": 874, ""transition_failures"": 0, ""transitions"": 512}",raw/outputs/seed301_trajectory0_repeat1.npz,273088512,1,0.01039800000000013,0.010398332960903645,301,58d22d8185d1f41c29f5aeb71210234632684be3410d20a52843fa00588d1134,PASS,raw/traces/seed301_trajectory0_repeat1.jsonl,6a29022aca6091e4fbeb740718b682b504dcab3a181aa74e61f7c9d53e436e8c,0,512
0.01434295903891325,True,seed301_trajectory0,16,0.000157834030687809,f14a28a9e470cafc53e269d061b8246d7c5b73a015395105e09d636a6edcf41e,1.3322676295501878e-14,2.3314683517128287e-15,105,"{""aggregate_edge_updates"": 105, ""candidate_coalesces"": 0, ""candidate_enqueues"": 109, ""deadline_pops"": 0, ""deadline_pushes"": 0, ""forced_updates"": 0, ""full_state_materializations"": 17, ""full_state_scans"": 16, ""holds"": 0, ""input_events_seen"": 4, ""messages_delivered"": 105, ""messages_sent"": 112, ""output_bytes_materialized"": 34944, ""policy_calls"": 0, ""policy_failures"": 0, ""queue_pops"": 105, ""queue_pushes"": 112, ""readout_calls"": 16, ""readouts"": 16, ""stale_deadlines"": 0, ""trace_records"": 874, ""transition_failures"": 0, ""transitions"": 512}",raw/outputs/seed301_trajectory0_repeat2.npz,273088512,2,0.009880000000000111,0.009879541117697954,301,58d22d8185d1f41c29f5aeb71210234632684be3410d20a52843fa00588d1134,PASS,raw/traces/seed301_trajectory0_repeat2.jsonl,6a29022aca6091e4fbeb740718b682b504dcab3a181aa74e61f7c9d53e436e8c,0,512
0.01437041675671935,True,seed301_trajectory1,16,0.00013462500646710396,586166fb24cf102b96b30d39894e79612e760637246e15e3d9b2e0d337b3f60e,8.881784197001252e-15,1.5265566588595902e-15,105,"{""aggregate_edge_updates"": 105, ""candidate_coalesces"": 0, ""candidate_enqueues"": 111, ""deadline_pops"": 0, ""deadline_pushes"": 0, ""forced_updates"": 0, ""full_state_materializations"": 17, ""full_state_scans"": 16, ""holds"": 0, ""input_events_seen"": 6, ""messages_delivered"": 105, ""messages_sent"": 112, ""output_bytes_materialized"": 34944, ""policy_calls"": 0, ""policy_failures"": 0, ""queue_pops"": 105, ""queue_pushes"": 112, ""readout_calls"": 16, ""readouts"": 16, ""stale_deadlines"": 0, ""trace_records"": 878, ""transition_failures"": 0, ""transitions"": 512}",raw/outputs/seed301_trajectory1_repeat1.npz,273088512,1,0.009900999999999938,0.00990541698411107,301,5a366eb7c8bfdc9fe4e9a5a09316b504284b23b22cfdad1d2e31995728a039b1,PASS,raw/traces/seed301_trajectory1_repeat1.jsonl,7e91d1881732ddde487202f495b9f6005a799e1a5361888356552c78e00a3626,1,512
0.015568374656140804,True,seed301_trajectory1,16,0.00014833314344286919,586166fb24cf102b96b30d39894e79612e760637246e15e3d9b2e0d337b3f60e,8.881784197001252e-15,1.5265566588595902e-15,105,"{""aggregate_edge_updates"": 105, ""candidate_coalesces"": 0, ""candidate_enqueues"": 111, ""deadline_pops"": 0, ""deadline_pushes"": 0, ""forced_updates"": 0, ""full_state_materializations"": 17, ""full_state_scans"": 16, ""holds"": 0, ""input_events_seen"": 6, ""messages_delivered"": 105, ""messages_sent"": 112, ""output_bytes_materialized"": 34944, ""policy_calls"": 0, ""policy_failures"": 0, ""queue_pops"": 105, ""queue_pushes"": 112, ""readout_calls"": 16, ""readouts"": 16, ""stale_deadlines"": 0, ""trace_records"": 878, ""transition_failures"": 0, ""transitions"": 512}",raw/outputs/seed301_trajectory1_repeat2.npz,273088512,2,0.010890000000000066,0.010912207886576653,301,5a366eb7c8bfdc9fe4e9a5a09316b504284b23b22cfdad1d2e31995728a039b1,PASS,raw/traces/seed301_trajectory1_repeat2.jsonl,7e91d1881732ddde487202f495b9f6005a799e1a5361888356552c78e00a3626,1,512
0.014634458348155022,True,seed302_trajectory0,16,0.00013354187831282616,1c629fa37382cb3084ab636ae4f444343e1874c81c0eeb7e2cdbd851f81e3797,8.881784197001252e-15,2.0539125955565396e-15,105,"{""aggregate_edge_updates"": 105, ""candidate_coalesces"": 0, ""candidate_enqueues"": 112, ""deadline_pops"": 0, ""deadline_pushes"": 0, ""forced_updates"": 0, ""full_state_materializations"": 17, ""full_state_scans"": 16, ""holds"": 0, ""input_events_seen"": 7, ""messages_delivered"": 105, ""messages_sent"": 112, ""output_bytes_materialized"": 34944, ""policy_calls"": 0, ""policy_failures"": 0, ""queue_pops"": 105, ""queue_pushes"": 112, ""readout_calls"": 16, ""readouts"": 16, ""stale_deadlines"": 0, ""trace_records"": 880, ""transition_failures"": 0, ""transitions"": 512}",raw/outputs/seed302_trajectory0_repeat1.npz,273088512,1,0.009488999999999859,0.00951404171064496,302,d8c89625bd4c855d4b56ea36130e7eb4e1f62e4a9d6c764e789cdc05fbc66801,PASS,raw/traces/seed302_trajectory0_repeat1.jsonl,1b79f5f822606b0ea175ecfee2d316aa2dcbf2c4a7cb49ac97fec8251a1627e6,0,512
0.014929250348359346,True,seed302_trajectory0,16,0.0001688329502940178,1c629fa37382cb3084ab636ae4f444343e1874c81c0eeb7e2cdbd851f81e3797,8.881784197001252e-15,2.0539125955565396e-15,105,"{""aggregate_edge_updates"": 105, ""candidate_coalesces"": 0, ""candidate_enqueues"": 112, ""deadline_pops"": 0, ""deadline_pushes"": 0, ""forced_updates"": 0, ""full_state_materializations"": 17, ""full_state_scans"": 16, ""holds"": 0, ""input_events_seen"": 7, ""messages_delivered"": 105, ""messages_sent"": 112, ""output_bytes_materialized"": 34944, ""policy_calls"": 0, ""policy_failures"": 0, ""queue_pops"": 105, ""queue_pushes"": 112, ""readout_calls"": 16, ""readouts"": 16, ""stale_deadlines"": 0, ""trace_records"": 880, ""transition_failures"": 0, ""transitions"": 512}",raw/outputs/seed302_trajectory0_repeat2.npz,273104896,2,0.010503000000000151,0.010503083001822233,302,d8c89625bd4c855d4b56ea36130e7eb4e1f62e4a9d6c764e789cdc05fbc66801,PASS,raw/traces/seed302_trajectory0_repeat2.jsonl,1b79f5f822606b0ea175ecfee2d316aa2dcbf2c4a7cb49ac97fec8251a1627e6,0,512
0.013747000135481358,True,seed302_trajectory1,16,0.00013416726142168045,332977a969c2dd633da2f4a4c1b8dfea473153ca14f7cb470ecaa28c943ebe21,7.632783294297951e-15,1.9567680809018384e-15,105,"{""aggregate_edge_updates"": 105, ""candidate_coalesces"": 0, ""candidate_enqueues"": 107, ""deadline_pops"": 0, ""deadline_pushes"": 0, ""forced_updates"": 0, ""full_state_materializations"": 17, ""full_state_scans"": 16, ""holds"": 0, ""input_events_seen"": 2, ""messages_delivered"": 105, ""messages_sent"": 112, ""output_bytes_materialized"": 34944, ""policy_calls"": 0, ""policy_failures"": 0, ""queue_pops"": 105, ""queue_pushes"": 112, ""readout_calls"": 16, ""readouts"": 16, ""stale_deadlines"": 0, ""trace_records"": 870, ""transition_failures"": 0, ""transitions"": 512}",raw/outputs/seed302_trajectory1_repeat1.npz,273104896,1,0.0094749999999999,0.009475334081798792,302,0edcf6de590ccaca83557f1195d1b684a39917821ece040ce4d72caeb1e9082b,PASS,raw/traces/seed302_trajectory1_repeat1.jsonl,fb8f89526509d4f2619743d3f66fd6869f9d5ebd1e34508c4c0233faf00dc554,1,512
0.014556916896253824,True,seed302_trajectory1,16,0.00013316702097654343,332977a969c2dd633da2f4a4c1b8dfea473153ca14f7cb470ecaa28c943ebe21,7.632783294297951e-15,1.9567680809018384e-15,105,"{""aggregate_edge_updates"": 105, ""candidate_coalesces"": 0, ""candidate_enqueues"": 107, ""deadline_pops"": 0, ""deadline_pushes"": 0, ""forced_updates"": 0, ""full_state_materializations"": 17, ""full_state_scans"": 16, ""holds"": 0, ""input_events_seen"": 2, ""messages_delivered"": 105, ""messages_sent"": 112, ""output_bytes_materialized"": 34944, ""policy_calls"": 0, ""policy_failures"": 0, ""queue_pops"": 105, ""queue_pushes"": 112, ""readout_calls"": 16, ""readouts"": 16, ""stale_deadlines"": 0, ""trace_records"": 870, ""transition_failures"": 0, ""transitions"": 512}",raw/outputs/seed302_trajectory1_repeat2.npz,273104896,2,0.00984699999999994,0.009846917353570461,302,0edcf6de590ccaca83557f1195d1b684a39917821ece040ce4d72caeb1e9082b,PASS,raw/traces/seed302_trajectory1_repeat2.jsonl,fb8f89526509d4f2619743d3f66fd6869f9d5ebd1e34508c4c0233faf00dc554,1,512
0.014331332873553038,True,seed303_trajectory0,16,0.0001471671275794506,8f21b26415d364fedc99df2084542ad2e3a2683dda346ff1541aa68a7f580d3e,9.325873406851315e-15,2.2412627309620348e-15,105,"{""aggregate_edge_updates"": 105, ""candidate_coalesces"": 0, ""candidate_enqueues"": 109, ""deadline_pops"": 0, ""deadline_pushes"": 0, ""forced_updates"": 0, ""full_state_materializations"": 17, ""full_state_scans"": 16, ""holds"": 0, ""input_events_seen"": 4, ""messages_delivered"": 105, ""messages_sent"": 112, ""output_bytes_materialized"": 34944, ""policy_calls"": 0, ""policy_failures"": 0, ""queue_pops"": 105, ""queue_pushes"": 112, ""readout_calls"": 16, ""readouts"": 16, ""stale_deadlines"": 0, ""trace_records"": 874, ""transition_failures"": 0, ""transitions"": 512}",raw/outputs/seed303_trajectory0_repeat1.npz,273104896,1,0.010012999999999828,0.010013584047555923,303,f40ff867e58987d4209a732bd6af393667850fbcff5b80fab82738715eb5bbf0,PASS,raw/traces/seed303_trajectory0_repeat1.jsonl,79cf01f355466447ea7ab3eb2ff1fd4f94d0a8743633e510f4a748dccce87066,0,512
0.015281042084097862,True,seed303_trajectory0,16,0.00012804102152585983,8f21b26415d364fedc99df2084542ad2e3a2683dda346ff1541aa68a7f580d3e,9.325873406851315e-15,2.2412627309620348e-15,105,"{""aggregate_edge_updates"": 105, ""candidate_coalesces"": 0, ""candidate_enqueues"": 109, ""deadline_pops"": 0, ""deadline_pushes"": 0, ""forced_updates"": 0, ""full_state_materializations"": 17, ""full_state_scans"": 16, ""holds"": 0, ""input_events_seen"": 4, ""messages_delivered"": 105, ""messages_sent"": 112, ""output_bytes_materialized"": 34944, ""policy_calls"": 0, ""policy_failures"": 0, ""queue_pops"": 105, ""queue_pushes"": 112, ""readout_calls"": 16, ""readouts"": 16, ""stale_deadlines"": 0, ""trace_records"": 874, ""transition_failures"": 0, ""transitions"": 512}",raw/outputs/seed303_trajectory0_repeat2.npz,273104896,2,0.010151999999999939,0.010151042137295008,303,f40ff867e58987d4209a732bd6af393667850fbcff5b80fab82738715eb5bbf0,PASS,raw/traces/seed303_trajectory0_repeat2.jsonl,79cf01f355466447ea7ab3eb2ff1fd4f94d0a8743633e510f4a748dccce87066,0,512
0.01433762488886714,True,seed303_trajectory1,16,0.00016174977645277977,3aee28ae86c07a8d945e0617e854363b71f99b4cef0f3e4c24161ecd270d9ecd,9.769962616701378e-15,2.831068712794149e-15,105,"{""aggregate_edge_updates"": 105, ""candidate_coalesces"": 0, ""candidate_enqueues"": 111, ""deadline_pops"": 0, ""deadline_pushes"": 0, ""forced_updates"": 0, ""full_state_materializations"": 17, ""full_state_scans"": 16, ""holds"": 0, ""input_events_seen"": 6, ""messages_delivered"": 105, ""messages_sent"": 112, ""output_bytes_materialized"": 34944, ""policy_calls"": 0, ""policy_failures"": 0, ""queue_pops"": 105, ""queue_pushes"": 112, ""readout_calls"": 16, ""readouts"": 16, ""stale_deadlines"": 0, ""trace_records"": 878, ""transition_failures"": 0, ""transitions"": 512}",raw/outputs/seed303_trajectory1_repeat1.npz,273104896,1,0.009875999999999996,0.00987625028938055,303,1a32fa0b968b27285e9f0b053c8b075ed37998406f2ac6c3c8e7efa9b17abd73,PASS,raw/traces/seed303_trajectory1_repeat1.jsonl,405a8edd9cd717b8dc307673957b16ed6118de79cc0ddc27fbfcd64e8c9fa07c,1,512
0.015425541903823614,True,seed303_trajectory1,16,0.00013416726142168045,3aee28ae86c07a8d945e0617e854363b71f99b4cef0f3e4c24161ecd270d9ecd,9.769962616701378e-15,2.831068712794149e-15,105,"{""aggregate_edge_updates"": 105, ""candidate_coalesces"": 0, ""candidate_enqueues"": 111, ""deadline_pops"": 0, ""deadline_pushes"": 0, ""forced_updates"": 0, ""full_state_materializations"": 17, ""full_state_scans"": 16, ""holds"": 0, ""input_events_seen"": 6, ""messages_delivered"": 105, ""messages_sent"": 112, ""output_bytes_materialized"": 34944, ""policy_calls"": 0, ""policy_failures"": 0, ""queue_pops"": 105, ""queue_pushes"": 112, ""readout_calls"": 16, ""readouts"": 16, ""stale_deadlines"": 0, ""trace_records"": 878, ""transition_failures"": 0, ""transitions"": 512}",raw/outputs/seed303_trajectory1_repeat2.npz,273121280,2,0.010784999999999823,0.010784790851175785,303,1a32fa0b968b27285e9f0b053c8b075ed37998406f2ac6c3c8e7efa9b17abd73,PASS,raw/traces/seed303_trajectory1_repeat2.jsonl,405a8edd9cd717b8dc307673957b16ed6118de79cc0ddc27fbfcd64e8c9fa07c,1,512
0.013826207723468542,True,seed304_trajectory0,16,0.0001310412771999836,d8485a467f88d43817ba97fb81d3501ced4077dffcdc5720cecd9c61240905a4,9.325873406851315e-15,2.5118795932144167e-15,105,"{""aggregate_edge_updates"": 105, ""candidate_coalesces"": 0, ""candidate_enqueues"": 109, ""deadline_pops"": 0, ""deadline_pushes"": 0, ""forced_updates"": 0, ""full_state_materializations"": 17, ""full_state_scans"": 16, ""holds"": 0, ""input_events_seen"": 4, ""messages_delivered"": 105, ""messages_sent"": 112, ""output_bytes_materialized"": 34944, ""policy_calls"": 0, ""policy_failures"": 0, ""queue_pops"": 105, ""queue_pushes"": 112, ""readout_calls"": 16, ""readouts"": 16, ""stale_deadlines"": 0, ""trace_records"": 874, ""transition_failures"": 0, ""transitions"": 512}",raw/outputs/seed304_trajectory0_repeat1.npz,273121280,1,0.00955499999999998,0.009555874858051538,304,03910c5cd09f11e967eb40d985a9c08c06c1e1f1ec724e62ced1afced6940c56,PASS,raw/traces/seed304_trajectory0_repeat1.jsonl,fb47fbf16d12bc8f9887a2b175126c421a3d1400e4906feffaabf64a116547b1,0,512
0.01424862490966916,True,seed304_trajectory0,16,0.00012795813381671906,d8485a467f88d43817ba97fb81d3501ced4077dffcdc5720cecd9c61240905a4,9.325873406851315e-15,2.5118795932144167e-15,105,"{""aggregate_edge_updates"": 105, ""candidate_coalesces"": 0, ""candidate_enqueues"": 109, ""deadline_pops"": 0, ""deadline_pushes"": 0, ""forced_updates"": 0, ""full_state_materializations"": 17, ""full_state_scans"": 16, ""holds"": 0, ""input_events_seen"": 4, ""messages_delivered"": 105, ""messages_sent"": 112, ""output_bytes_materialized"": 34944, ""policy_calls"": 0, ""policy_failures"": 0, ""queue_pops"": 105, ""queue_pushes"": 112, ""readout_calls"": 16, ""readouts"": 16, ""stale_deadlines"": 0, ""trace_records"": 874, ""transition_failures"": 0, ""transitions"": 512}",raw/outputs/seed304_trajectory0_repeat2.npz,273121280,2,0.009567000000000103,0.009566540829837322,304,03910c5cd09f11e967eb40d985a9c08c06c1e1f1ec724e62ced1afced6940c56,PASS,raw/traces/seed304_trajectory0_repeat2.jsonl,fb47fbf16d12bc8f9887a2b175126c421a3d1400e4906feffaabf64a116547b1,0,512
0.015019083861261606,True,seed304_trajectory1,16,0.00014266697689890862,b12cb3e07fbf80689c973ef96c3cf35592a353f206ba3b6ad4bd86956eb18b2b,2.6645352591003757e-15,7.216449660063518e-16,105,"{""aggregate_edge_updates"": 105, ""candidate_coalesces"": 0, ""candidate_enqueues"": 108, ""deadline_pops"": 0, ""deadline_pushes"": 0, ""forced_updates"": 0, ""full_state_materializations"": 17, ""full_state_scans"": 16, ""holds"": 0, ""input_events_seen"": 3, ""messages_delivered"": 105, ""messages_sent"": 112, ""output_bytes_materialized"": 34944, ""policy_calls"": 0, ""policy_failures"": 0, ""queue_pops"": 105, ""queue_pushes"": 112, ""readout_calls"": 16, ""readouts"": 16, ""stale_deadlines"": 0, ""trace_records"": 872, ""transition_failures"": 0, ""transitions"": 512}",raw/outputs/seed304_trajectory1_repeat1.npz,273154048,1,0.01059600000000005,0.01059537474066019,304,2403eabbb0a3fe7e9d319f35675e1bee8f7e5e3968e630753bbafb0bff3b5474,PASS,raw/traces/seed304_trajectory1_repeat1.jsonl,a16bf6d296bb531f025fd21d8e3c88033237c0e8c05db78c03e25d01fd27bcfc,1,512
0.01488474989309907,True,seed304_trajectory1,16,0.00013399962335824966,b12cb3e07fbf80689c973ef96c3cf35592a353f206ba3b6ad4bd86956eb18b2b,2.6645352591003757e-15,7.216449660063518e-16,105,"{""aggregate_edge_updates"": 105, ""candidate_coalesces"": 0, ""candidate_enqueues"": 108, ""deadline_pops"": 0, ""deadline_pushes"": 0, ""forced_updates"": 0, ""full_state_materializations"": 17, ""full_state_scans"": 16, ""holds"": 0, ""input_events_seen"": 3, ""messages_delivered"": 105, ""messages_sent"": 112, ""output_bytes_materialized"": 34944, ""policy_calls"": 0, ""policy_failures"": 0, ""queue_pops"": 105, ""queue_pushes"": 112, ""readout_calls"": 16, ""readouts"": 16, ""stale_deadlines"": 0, ""trace_records"": 872, ""transition_failures"": 0, ""transitions"": 512}",raw/outputs/seed304_trajectory1_repeat2.npz,273154048,2,0.00999300000000014,0.00999370776116848,304,2403eabbb0a3fe7e9d319f35675e1bee8f7e5e3968e630753bbafb0bff3b5474,PASS,raw/traces/seed304_trajectory1_repeat2.jsonl,a16bf6d296bb531f025fd21d8e3c88033237c0e8c05db78c03e25d01fd27bcfc,1,512
0.014389750082045794,True,seed305_trajectory0,16,0.0001460420899093151,998898168a23d4a8602fdf3707a3715e102788ae5a58b97f3280cb93e102102f,9.325873406851315e-15,1.609823385706477e-15,105,"{""aggregate_edge_updates"": 105, ""candidate_coalesces"": 0, ""candidate_enqueues"": 107, ""deadline_pops"": 0, ""deadline_pushes"": 0, ""forced_updates"": 0, ""full_state_materializations"": 17, ""full_state_scans"": 16, ""holds"": 0, ""input_events_seen"": 2, ""messages_delivered"": 105, ""messages_sent"": 112, ""output_bytes_materialized"": 34944, ""policy_calls"": 0, ""policy_failures"": 0, ""queue_pops"": 105, ""queue_pushes"": 112, ""readout_calls"": 16, ""readouts"": 16, ""stale_deadlines"": 0, ""trace_records"": 870, ""transition_failures"": 0, ""transitions"": 512}",raw/outputs/seed305_trajectory0_repeat1.npz,273154048,1,0.010132999999999948,0.010132249910384417,305,453a3ec6075793c895afad7d79211438db71c48f57bcc14a3f459c5d33c71839,PASS,raw/traces/seed305_trajectory0_repeat1.jsonl,0ff0a97ee64bf71918c5cc1b0abfde12dc4ceb34b85668dcf813b5b3cefc7669,0,512
0.013784833252429962,True,seed305_trajectory0,16,0.00012579187750816345,998898168a23d4a8602fdf3707a3715e102788ae5a58b97f3280cb93e102102f,9.325873406851315e-15,1.609823385706477e-15,105,"{""aggregate_edge_updates"": 105, ""candidate_coalesces"": 0, ""candidate_enqueues"": 107, ""deadline_pops"": 0, ""deadline_pushes"": 0, ""forced_updates"": 0, ""full_state_materializations"": 17, ""full_state_scans"": 16, ""holds"": 0, ""input_events_seen"": 2, ""messages_delivered"": 105, ""messages_sent"": 112, ""output_bytes_materialized"": 34944, ""policy_calls"": 0, ""policy_failures"": 0, ""queue_pops"": 105, ""queue_pushes"": 112, ""readout_calls"": 16, ""readouts"": 16, ""stale_deadlines"": 0, ""trace_records"": 870, ""transition_failures"": 0, ""transitions"": 512}",raw/outputs/seed305_trajectory0_repeat2.npz,273154048,2,0.009606000000000003,0.009605583734810352,305,453a3ec6075793c895afad7d79211438db71c48f57bcc14a3f459c5d33c71839,PASS,raw/traces/seed305_trajectory0_repeat2.jsonl,0ff0a97ee64bf71918c5cc1b0abfde12dc4ceb34b85668dcf813b5b3cefc7669,0,512
0.01507366681471467,True,seed305_trajectory1,16,0.00012591667473316193,44c4c83316301e9b3b421b0cde66c397da0e38ee94e415558399797f3b326ab7,8.992806499463768e-15,1.887379141862766e-15,105,"{""aggregate_edge_updates"": 105, ""candidate_coalesces"": 0, ""candidate_enqueues"": 107, ""deadline_pops"": 0, ""deadline_pushes"": 0, ""forced_updates"": 0, ""full_state_materializations"": 17, ""full_state_scans"": 16, ""holds"": 0, ""input_events_seen"": 2, ""messages_delivered"": 105, ""messages_sent"": 112, ""output_bytes_materialized"": 34944, ""policy_calls"": 0, ""policy_failures"": 0, ""queue_pops"": 105, ""queue_pushes"": 112, ""readout_calls"": 16, ""readouts"": 16, ""stale_deadlines"": 0, ""trace_records"": 870, ""transition_failures"": 0, ""transitions"": 512}",raw/outputs/seed305_trajectory1_repeat1.npz,273154048,1,0.010382000000000113,0.010382333304733038,305,6785a60c41bd6da78fd579cf8de1aee1ce4e2255503ddcb3b9cf671c935cccde,PASS,raw/traces/seed305_trajectory1_repeat1.jsonl,f2467fd15ff02b04eb76e7ba889995380eaae0c50c8d8bc74fdb9af41db28fce,1,512
0.013932083267718554,True,seed305_trajectory1,16,0.00014091702178120613,44c4c83316301e9b3b421b0cde66c397da0e38ee94e415558399797f3b326ab7,8.992806499463768e-15,1.887379141862766e-15,105,"{""aggregate_edge_updates"": 105, ""candidate_coalesces"": 0, ""candidate_enqueues"": 107, ""deadline_pops"": 0, ""deadline_pushes"": 0, ""forced_updates"": 0, ""full_state_materializations"": 17, ""full_state_scans"": 16, ""holds"": 0, ""input_events_seen"": 2, ""messages_delivered"": 105, ""messages_sent"": 112, ""output_bytes_materialized"": 34944, ""policy_calls"": 0, ""policy_failures"": 0, ""queue_pops"": 105, ""queue_pushes"": 112, ""readout_calls"": 16, ""readouts"": 16, ""stale_deadlines"": 0, ""trace_records"": 870, ""transition_failures"": 0, ""transitions"": 512}",raw/outputs/seed305_trajectory1_repeat2.npz,273154048,2,0.009752000000000205,0.009752457961440086,305,6785a60c41bd6da78fd579cf8de1aee1ce4e2255503ddcb3b9cf671c935cccde,PASS,raw/traces/seed305_trajectory1_repeat2.jsonl,f2467fd15ff02b04eb76e7ba889995380eaae0c50c8d8bc74fdb9af41db28fce,1,512
0.01535625010728836,True,seed306_trajectory0,16,0.00012425007298588753,346e5989c2fd138ba8eed1d1ed3d263cb42e831c81add1c1d394b40e0da59b03,5.329070518200751e-15,1.0547118733938987e-15,105,"{""aggregate_edge_updates"": 105, ""candidate_coalesces"": 0, ""candidate_enqueues"": 109, ""deadline_pops"": 0, ""deadline_pushes"": 0, ""forced_updates"": 0, ""full_state_materializations"": 17, ""full_state_scans"": 16, ""holds"": 0, ""input_events_seen"": 4, ""messages_delivered"": 105, ""messages_sent"": 112, ""output_bytes_materialized"": 34944, ""policy_calls"": 0, ""policy_failures"": 0, ""queue_pops"": 105, ""queue_pushes"": 112, ""readout_calls"": 16, ""readouts"": 16, ""stale_deadlines"": 0, ""trace_records"": 874, ""transition_failures"": 0, ""transitions"": 512}",raw/outputs/seed306_trajectory0_repeat1.npz,273154048,1,0.010712000000000055,0.010712041053920984,306,d9a477668d5973ec51620d1f8c2eec2eadedb637a5182e3243e8d8cb0662d14c,PASS,raw/traces/seed306_trajectory0_repeat1.jsonl,f457ff8dffe2e60074626a94941284a86fd9d3a75744464e6a2c0f45fb0adc29,0,512
0.014043999835848808,True,seed306_trajectory0,16,0.0001249578781425953,346e5989c2fd138ba8eed1d1ed3d263cb42e831c81add1c1d394b40e0da59b03,5.329070518200751e-15,1.0547118733938987e-15,105,"{""aggregate_edge_updates"": 105, ""candidate_coalesces"": 0, ""candidate_enqueues"": 109, ""deadline_pops"": 0, ""deadline_pushes"": 0, ""forced_updates"": 0, ""full_state_materializations"": 17, ""full_state_scans"": 16, ""holds"": 0, ""input_events_seen"": 4, ""messages_delivered"": 105, ""messages_sent"": 112, ""output_bytes_materialized"": 34944, ""policy_calls"": 0, ""policy_failures"": 0, ""queue_pops"": 105, ""queue_pushes"": 112, ""readout_calls"": 16, ""readouts"": 16, ""stale_deadlines"": 0, ""trace_records"": 874, ""transition_failures"": 0, ""transitions"": 512}",raw/outputs/seed306_trajectory0_repeat2.npz,273154048,2,0.00958799999999993,0.009588167071342468,306,d9a477668d5973ec51620d1f8c2eec2eadedb637a5182e3243e8d8cb0662d14c,PASS,raw/traces/seed306_trajectory0_repeat2.jsonl,f457ff8dffe2e60074626a94941284a86fd9d3a75744464e6a2c0f45fb0adc29,0,512
0.015425958205014467,True,seed306_trajectory1,16,0.0001416248269379139,ed13c18054c36d86999bc21272f1418509c429d4361e8c1f92405216375bc6b1,6.217248937900877e-15,2.1649348980190553e-15,105,"{""aggregate_edge_updates"": 105, ""candidate_coalesces"": 0, ""candidate_enqueues"": 111, ""deadline_pops"": 0, ""deadline_pushes"": 0, ""forced_updates"": 0, ""full_state_materializations"": 17, ""full_state_scans"": 16, ""holds"": 0, ""input_events_seen"": 6, ""messages_delivered"": 105, ""messages_sent"": 112, ""output_bytes_materialized"": 34944, ""policy_calls"": 0, ""policy_failures"": 0, ""queue_pops"": 105, ""queue_pushes"": 112, ""readout_calls"": 16, ""readouts"": 16, ""stale_deadlines"": 0, ""trace_records"": 878, ""transition_failures"": 0, ""transitions"": 512}",raw/outputs/seed306_trajectory1_repeat1.npz,273154048,1,0.01082099999999997,0.010819708928465843,306,b993ce5005293dfc6e4ce7fe219245b9201f6d046cd580f607f3394c19a81490,PASS,raw/traces/seed306_trajectory1_repeat1.jsonl,31a8b2737cad1c3403aa79d04762f076498b3e08a578a82d90fa41fd7068bc8a,1,512
0.014573167078197002,True,seed306_trajectory1,16,0.0001315837725996971,ed13c18054c36d86999bc21272f1418509c429d4361e8c1f92405216375bc6b1,6.217248937900877e-15,2.1649348980190553e-15,105,"{""aggregate_edge_updates"": 105, ""candidate_coalesces"": 0, ""candidate_enqueues"": 111, ""deadline_pops"": 0, ""deadline_pushes"": 0, ""forced_updates"": 0, ""full_state_materializations"": 17, ""full_state_scans"": 16, ""holds"": 0, ""input_events_seen"": 6, ""messages_delivered"": 105, ""messages_sent"": 112, ""output_bytes_materialized"": 34944, ""policy_calls"": 0, ""policy_failures"": 0, ""queue_pops"": 105, ""queue_pushes"": 112, ""readout_calls"": 16, ""readouts"": 16, ""stale_deadlines"": 0, ""trace_records"": 878, ""transition_failures"": 0, ""transitions"": 512}",raw/outputs/seed306_trajectory1_repeat2.npz,273154048,2,0.009722000000000008,0.00972208334133029,306,b993ce5005293dfc6e4ce7fe219245b9201f6d046cd580f607f3394c19a81490,PASS,raw/traces/seed306_trajectory1_repeat2.jsonl,31a8b2737cad1c3403aa79d04762f076498b3e08a578a82d90fa41fd7068bc8a,1,512
0.014543000143021345,True,seed307_trajectory0,16,0.00014191679656505585,6a4e57a12149c86927932f39b23a12b16f321450b3d77771a528f613bc3377cd,5.329070518200751e-15,1.3322676295501878e-15,105,"{""aggregate_edge_updates"": 105, ""candidate_coalesces"": 0, ""candidate_enqueues"": 108, ""deadline_pops"": 0, ""deadline_pushes"": 0, ""forced_updates"": 0, ""full_state_materializations"": 17, ""full_state_scans"": 16, ""holds"": 0, ""input_events_seen"": 3, ""messages_delivered"": 105, ""messages_sent"": 112, ""output_bytes_materialized"": 34944, ""policy_calls"": 0, ""policy_failures"": 0, ""queue_pops"": 105, ""queue_pushes"": 112, ""readout_calls"": 16, ""readouts"": 16, ""stale_deadlines"": 0, ""trace_records"": 872, ""transition_failures"": 0, ""transitions"": 512}",raw/outputs/seed307_trajectory0_repeat1.npz,273154048,1,0.010257000000000183,0.010257500223815441,307,9fc0c99d60dafdd96ece835d0bb9099f3447e823dcd64168455690712e76535c,PASS,raw/traces/seed307_trajectory0_repeat1.jsonl,d6dcb1c21f91642017b86d189a93051c0450166ffa188ca9a85e3a0611adac88,0,512
0.014281709212809801,True,seed307_trajectory0,16,0.00012633390724658966,6a4e57a12149c86927932f39b23a12b16f321450b3d77771a528f613bc3377cd,5.329070518200751e-15,1.3322676295501878e-15,105,"{""aggregate_edge_updates"": 105, ""candidate_coalesces"": 0, ""candidate_enqueues"": 108, ""deadline_pops"": 0, ""deadline_pushes"": 0, ""forced_updates"": 0, ""full_state_materializations"": 17, ""full_state_scans"": 16, ""holds"": 0, ""input_events_seen"": 3, ""messages_delivered"": 105, ""messages_sent"": 112, ""output_bytes_materialized"": 34944, ""policy_calls"": 0, ""policy_failures"": 0, ""queue_pops"": 105, ""queue_pushes"": 112, ""readout_calls"": 16, ""readouts"": 16, ""stale_deadlines"": 0, ""trace_records"": 872, ""transition_failures"": 0, ""transitions"": 512}",raw/outputs/seed307_trajectory0_repeat2.npz,273154048,2,0.009472000000000147,0.009471666999161243,307,9fc0c99d60dafdd96ece835d0bb9099f3447e823dcd64168455690712e76535c,PASS,raw/traces/seed307_trajectory0_repeat2.jsonl,d6dcb1c21f91642017b86d189a93051c0450166ffa188ca9a85e3a0611adac88,0,512
0.015482125338166952,True,seed307_trajectory1,16,0.00014291703701019287,9652ffa605ee80bb4530db77a07689e8cb2e75f95cfeda6fbe3cf7234764eca2,1.021405182655144e-14,1.6930901125533637e-15,105,"{""aggregate_edge_updates"": 105, ""candidate_coalesces"": 0, ""candidate_enqueues"": 113, ""deadline_pops"": 0, ""deadline_pushes"": 0, ""forced_updates"": 0, ""full_state_materializations"": 17, ""full_state_scans"": 16, ""holds"": 0, ""input_events_seen"": 8, ""messages_delivered"": 105, ""messages_sent"": 112, ""output_bytes_materialized"": 34944, ""policy_calls"": 0, ""policy_failures"": 0, ""queue_pops"": 105, ""queue_pushes"": 112, ""readout_calls"": 16, ""readouts"": 16, ""stale_deadlines"": 0, ""trace_records"": 882, ""transition_failures"": 0, ""transitions"": 512}",raw/outputs/seed307_trajectory1_repeat1.npz,273170432,1,0.010434000000000054,0.010434458032250404,307,6cb3b9837ea3cdad9090c429c7ee84f6bf6da1bcb283d72587b41e9ad4e95d32,PASS,raw/traces/seed307_trajectory1_repeat1.jsonl,e74e145318227f971dd1eafeb3b1c713a4372f75a4ee489305535a64213fa39e,1,512
0.015917791053652763,True,seed307_trajectory1,16,0.00014837458729743958,9652ffa605ee80bb4530db77a07689e8cb2e75f95cfeda6fbe3cf7234764eca2,1.021405182655144e-14,1.6930901125533637e-15,105,"{""aggregate_edge_updates"": 105, ""candidate_coalesces"": 0, ""candidate_enqueues"": 113, ""deadline_pops"": 0, ""deadline_pushes"": 0, ""forced_updates"": 0, ""full_state_materializations"": 17, ""full_state_scans"": 16, ""holds"": 0, ""input_events_seen"": 8, ""messages_delivered"": 105, ""messages_sent"": 112, ""output_bytes_materialized"": 34944, ""policy_calls"": 0, ""policy_failures"": 0, ""queue_pops"": 105, ""queue_pushes"": 112, ""readout_calls"": 16, ""readouts"": 16, ""stale_deadlines"": 0, ""trace_records"": 882, ""transition_failures"": 0, ""transitions"": 512}",raw/outputs/seed307_trajectory1_repeat2.npz,273170432,2,0.010942999999999925,0.010944582987576723,307,6cb3b9837ea3cdad9090c429c7ee84f6bf6da1bcb283d72587b41e9ad4e95d32,PASS,raw/traces/seed307_trajectory1_repeat2.jsonl,e74e145318227f971dd1eafeb3b1c713a4372f75a4ee489305535a64213fa39e,1,512
0.014351208228617907,True,seed308_trajectory0,16,0.00013129180297255516,9373495e78cc852da9c863d64e7decc35fd7ef5de6a6f0bcfefd9b0dada498a9,7.105427357601002e-15,1.7208456881689926e-15,105,"{""aggregate_edge_updates"": 105, ""candidate_coalesces"": 0, ""candidate_enqueues"": 110, ""deadline_pops"": 0, ""deadline_pushes"": 0, ""forced_updates"": 0, ""full_state_materializations"": 17, ""full_state_scans"": 16, ""holds"": 0, ""input_events_seen"": 5, ""messages_delivered"": 105, ""messages_sent"": 112, ""output_bytes_materialized"": 34944, ""policy_calls"": 0, ""policy_failures"": 0, ""queue_pops"": 105, ""queue_pushes"": 112, ""readout_calls"": 16, ""readouts"": 16, ""stale_deadlines"": 0, ""trace_records"": 876, ""transition_failures"": 0, ""transitions"": 512}",raw/outputs/seed308_trajectory0_repeat1.npz,273170432,1,0.009612999999999872,0.009613582864403725,308,c25794e59b10fd9db7c5502c9c92d9a1b178f6458a70b27fb5830ad037aa5a9d,PASS,raw/traces/seed308_trajectory0_repeat1.jsonl,e943b33d1992eb64c75345b921fd4c44dc03e91df33ef7964a9060c0a665251c,0,512
0.015200791880488396,True,seed308_trajectory0,16,0.00014366721734404564,9373495e78cc852da9c863d64e7decc35fd7ef5de6a6f0bcfefd9b0dada498a9,7.105427357601002e-15,1.7208456881689926e-15,105,"{""aggregate_edge_updates"": 105, ""candidate_coalesces"": 0, ""candidate_enqueues"": 110, ""deadline_pops"": 0, ""deadline_pushes"": 0, ""forced_updates"": 0, ""full_state_materializations"": 17, ""full_state_scans"": 16, ""holds"": 0, ""input_events_seen"": 5, ""messages_delivered"": 105, ""messages_sent"": 112, ""output_bytes_materialized"": 34944, ""policy_calls"": 0, ""policy_failures"": 0, ""queue_pops"": 105, ""queue_pushes"": 112, ""readout_calls"": 16, ""readouts"": 16, ""stale_deadlines"": 0, ""trace_records"": 876, ""transition_failures"": 0, ""transitions"": 512}",raw/outputs/seed308_trajectory0_repeat2.npz,273170432,2,0.010831999999999953,0.010831499937921762,308,c25794e59b10fd9db7c5502c9c92d9a1b178f6458a70b27fb5830ad037aa5a9d,PASS,raw/traces/seed308_trajectory0_repeat2.jsonl,e943b33d1992eb64c75345b921fd4c44dc03e91df33ef7964a9060c0a665251c,0,512
0.014425749890506268,True,seed308_trajectory1,16,0.00012470781803131104,b4f2c7f5a516f97bd20f02a986bb0d84fbbd68f5a2dcf11b9914387c707984d7,5.329070518200751e-15,1.9984014443252818e-15,105,"{""aggregate_edge_updates"": 105, ""candidate_coalesces"": 0, ""candidate_enqueues"": 109, ""deadline_pops"": 0, ""deadline_pushes"": 0, ""forced_updates"": 0, ""full_state_materializations"": 17, ""full_state_scans"": 16, ""holds"": 0, ""input_events_seen"": 4, ""messages_delivered"": 105, ""messages_sent"": 112, ""output_bytes_materialized"": 34944, ""policy_calls"": 0, ""policy_failures"": 0, ""queue_pops"": 105, ""queue_pushes"": 112, ""readout_calls"": 16, ""readouts"": 16, ""stale_deadlines"": 0, ""trace_records"": 874, ""transition_failures"": 0, ""transitions"": 512}",raw/outputs/seed308_trajectory1_repeat1.npz,273186816,1,0.009647000000000183,0.009647625032812357,308,40e8cf25f8a8eb5e49d6e7f54d14e3c99708c7772b949d07d5217d5231d4a73a,PASS,raw/traces/seed308_trajectory1_repeat1.jsonl,8421bd2620197e97b30b557e0b57216ba034bc8210c14c2fde89a3d1a7650640,1,512
0.014716708101332188,True,seed308_trajectory1,16,0.00014008302241563797,b4f2c7f5a516f97bd20f02a986bb0d84fbbd68f5a2dcf11b9914387c707984d7,5.329070518200751e-15,1.9984014443252818e-15,105,"{""aggregate_edge_updates"": 105, ""candidate_coalesces"": 0, ""candidate_enqueues"": 109, ""deadline_pops"": 0, ""deadline_pushes"": 0, ""forced_updates"": 0, ""full_state_materializations"": 17, ""full_state_scans"": 16, ""holds"": 0, ""input_events_seen"": 4, ""messages_delivered"": 105, ""messages_sent"": 112, ""output_bytes_materialized"": 34944, ""policy_calls"": 0, ""policy_failures"": 0, ""queue_pops"": 105, ""queue_pushes"": 112, ""readout_calls"": 16, ""readouts"": 16, ""stale_deadlines"": 0, ""trace_records"": 874, ""transition_failures"": 0, ""transitions"": 512}",raw/outputs/seed308_trajectory1_repeat2.npz,273186816,2,0.010491999999999946,0.01049170782789588,308,40e8cf25f8a8eb5e49d6e7f54d14e3c99708c7772b949d07d5217d5231d4a73a,PASS,raw/traces/seed308_trajectory1_repeat2.jsonl,8421bd2620197e97b30b557e0b57216ba034bc8210c14c2fde89a3d1a7650640,1,512
0.013805542141199112,True,seed309_trajectory0,16,0.00012416625395417213,54c73b8115767f4bde9d65327e92365ba332018b23bc0fb5609ad5434d3b45f9,3.552713678800501e-15,1.4432899320127035e-15,105,"{""aggregate_edge_updates"": 105, ""candidate_coalesces"": 0, ""candidate_enqueues"": 108, ""deadline_pops"": 0, ""deadline_pushes"": 0, ""forced_updates"": 0, ""full_state_materializations"": 17, ""full_state_scans"": 16, ""holds"": 0, ""input_events_seen"": 3, ""messages_delivered"": 105, ""messages_sent"": 112, ""output_bytes_materialized"": 34944, ""policy_calls"": 0, ""policy_failures"": 0, ""queue_pops"": 105, ""queue_pushes"": 112, ""readout_calls"": 16, ""readouts"": 16, ""stale_deadlines"": 0, ""trace_records"": 872, ""transition_failures"": 0, ""transitions"": 512}",raw/outputs/seed309_trajectory0_repeat1.npz,273186816,1,0.009584000000000037,0.009583750274032354,309,87a4dbeddc702f7d3b0d03987cfdc6a91474962a03344bf8b3036c1078c44ed2,PASS,raw/traces/seed309_trajectory0_repeat1.jsonl,da28e23a84c3898bebf649fe174d9b58cfc0740c1892f7201121328b509e23ff,0,512
0.014775666873902082,True,seed309_trajectory0,16,0.00012370804324746132,54c73b8115767f4bde9d65327e92365ba332018b23bc0fb5609ad5434d3b45f9,3.552713678800501e-15,1.4432899320127035e-15,105,"{""aggregate_edge_updates"": 105, ""candidate_coalesces"": 0, ""candidate_enqueues"": 108, ""deadline_pops"": 0, ""deadline_pushes"": 0, ""forced_updates"": 0, ""full_state_materializations"": 17, ""full_state_scans"": 16, ""holds"": 0, ""input_events_seen"": 3, ""messages_delivered"": 105, ""messages_sent"": 112, ""output_bytes_materialized"": 34944, ""policy_calls"": 0, ""policy_failures"": 0, ""queue_pops"": 105, ""queue_pushes"": 112, ""readout_calls"": 16, ""readouts"": 16, ""stale_deadlines"": 0, ""trace_records"": 872, ""transition_failures"": 0, ""transitions"": 512}",raw/outputs/seed309_trajectory0_repeat2.npz,273186816,2,0.010087999999999875,0.010088041890412569,309,87a4dbeddc702f7d3b0d03987cfdc6a91474962a03344bf8b3036c1078c44ed2,PASS,raw/traces/seed309_trajectory0_repeat2.jsonl,da28e23a84c3898bebf649fe174d9b58cfc0740c1892f7201121328b509e23ff,0,512
0.01440050033852458,True,seed309_trajectory1,16,0.00013916706666350365,aca7b5cb32e47d3941bda0dbbc69e54ebd3314b981e7e87f18fd677d9acdd4d0,7.549516567451064e-15,1.5612511283791264e-15,105,"{""aggregate_edge_updates"": 105, ""candidate_coalesces"": 0, ""candidate_enqueues"": 111, ""deadline_pops"": 0, ""deadline_pushes"": 0, ""forced_updates"": 0, ""full_state_materializations"": 17, ""full_state_scans"": 16, ""holds"": 0, ""input_events_seen"": 6, ""messages_delivered"": 105, ""messages_sent"": 112, ""output_bytes_materialized"": 34944, ""policy_calls"": 0, ""policy_failures"": 0, ""queue_pops"": 105, ""queue_pushes"": 112, ""readout_calls"": 16, ""readouts"": 16, ""stale_deadlines"": 0, ""trace_records"": 878, ""transition_failures"": 0, ""transitions"": 512}",raw/outputs/seed309_trajectory1_repeat1.npz,273186816,1,0.01008700000000018,0.01008712500333786,309,4aacb259476fc7b43cc91cd8f09fdf9a91c2baea9e069f379f7c1cfcac118d11,PASS,raw/traces/seed309_trajectory1_repeat1.jsonl,03e6691e323ef6bcb6c1c427c7e826b1fb42057fa8ec1df4057941dc8a362224,1,512
0.015356292016804218,True,seed309_trajectory1,16,0.00012404099106788635,aca7b5cb32e47d3941bda0dbbc69e54ebd3314b981e7e87f18fd677d9acdd4d0,7.549516567451064e-15,1.5612511283791264e-15,105,"{""aggregate_edge_updates"": 105, ""candidate_coalesces"": 0, ""candidate_enqueues"": 111, ""deadline_pops"": 0, ""deadline_pushes"": 0, ""forced_updates"": 0, ""full_state_materializations"": 17, ""full_state_scans"": 16, ""holds"": 0, ""input_events_seen"": 6, ""messages_delivered"": 105, ""messages_sent"": 112, ""output_bytes_materialized"": 34944, ""policy_calls"": 0, ""policy_failures"": 0, ""queue_pops"": 105, ""queue_pushes"": 112, ""readout_calls"": 16, ""readouts"": 16, ""stale_deadlines"": 0, ""trace_records"": 878, ""transition_failures"": 0, ""transitions"": 512}",raw/outputs/seed309_trajectory1_repeat2.npz,273203200,2,0.010545000000000027,0.010545458178967237,309,4aacb259476fc7b43cc91cd8f09fdf9a91c2baea9e069f379f7c1cfcac118d11,PASS,raw/traces/seed309_trajectory1_repeat2.jsonl,03e6691e323ef6bcb6c1c427c7e826b1fb42057fa8ec1df4057941dc8a362224,1,512
0.013899666722863913,True,single_source_pulse_tick0,16,0.0001249168999493122,2abdf006f60283e317bc60e6c5a564c25d3f290deee398e33322042e992eceab,4.440892098500626e-15,1.0547118733938987e-15,105,"{""aggregate_edge_updates"": 105, ""candidate_coalesces"": 0, ""candidate_enqueues"": 107, ""deadline_pops"": 0, ""deadline_pushes"": 0, ""forced_updates"": 0, ""full_state_materializations"": 17, ""full_state_scans"": 16, ""holds"": 0, ""input_events_seen"": 2, ""messages_delivered"": 105, ""messages_sent"": 112, ""output_bytes_materialized"": 34944, ""policy_calls"": 0, ""policy_failures"": 0, ""queue_pops"": 105, ""queue_pushes"": 112, ""readout_calls"": 16, ""readouts"": 16, ""stale_deadlines"": 0, ""trace_records"": 870, ""transition_failures"": 0, ""transitions"": 512}",raw/outputs/single_source_pulse_tick0_repeat1.npz,273203200,1,0.009546000000000054,0.00954637536779046,,169506f2e3858b797f4d432d5bf2aea37ddeb6bfb40147dbcacb015ccc247387,PASS,raw/traces/single_source_pulse_tick0_repeat1.jsonl,b70b1e9f4f1bd6e73cf8967de4254192d9502cded6815f2500928dbc2d709fe8,,512
0.015131208114326,True,single_source_pulse_tick0,16,0.00014120899140834808,2abdf006f60283e317bc60e6c5a564c25d3f290deee398e33322042e992eceab,4.440892098500626e-15,1.0547118733938987e-15,105,"{""aggregate_edge_updates"": 105, ""candidate_coalesces"": 0, ""candidate_enqueues"": 107, ""deadline_pops"": 0, ""deadline_pushes"": 0, ""forced_updates"": 0, ""full_state_materializations"": 17, ""full_state_scans"": 16, ""holds"": 0, ""input_events_seen"": 2, ""messages_delivered"": 105, ""messages_sent"": 112, ""output_bytes_materialized"": 34944, ""policy_calls"": 0, ""policy_failures"": 0, ""queue_pops"": 105, ""queue_pushes"": 112, ""readout_calls"": 16, ""readouts"": 16, ""stale_deadlines"": 0, ""trace_records"": 870, ""transition_failures"": 0, ""transitions"": 512}",raw/outputs/single_source_pulse_tick0_repeat2.npz,273203200,2,0.01078900000000016,0.010789583902806044,,169506f2e3858b797f4d432d5bf2aea37ddeb6bfb40147dbcacb015ccc247387,PASS,raw/traces/single_source_pulse_tick0_repeat2.jsonl,b70b1e9f4f1bd6e73cf8967de4254192d9502cded6815f2500928dbc2d709fe8,,512
