task,update_budget,method,seed,updates,task_mse,critical_recall,selected_fraction,interpretation
sparse_propagation,32,periodic,3,32,8.875330471198726,0.0,0.0625,baseline_or_reference
sparse_propagation,32,random,3,32,8.875330471198726,0.0703125,0.0625,baseline_or_reference
sparse_propagation,32,activity,3,32,8.875330471198726,0.0625,0.0625,baseline_or_reference
sparse_propagation,32,oracle,3,32,8.875330471198726,0.25,0.0625,oracle_upper_bound
sparse_propagation,32,update_all,3,512,0.0,1.0,1.0,baseline_or_reference
sparse_propagation,64,periodic,3,64,8.875330471198726,0.125,0.125,baseline_or_reference
sparse_propagation,64,random,3,64,8.875330471198726,0.1171875,0.125,baseline_or_reference
sparse_propagation,64,activity,3,64,8.875330471198726,0.125,0.125,baseline_or_reference
sparse_propagation,64,oracle,3,64,8.106258468468862,0.5,0.125,oracle_upper_bound
sparse_propagation,64,update_all,3,512,0.0,1.0,1.0,baseline_or_reference
sparse_propagation,128,periodic,3,128,8.875330471198726,0.25,0.25,baseline_or_reference
sparse_propagation,128,random,3,128,8.875330471198726,0.3125,0.25,baseline_or_reference
sparse_propagation,128,activity,3,128,8.875330471198726,0.25,0.25,baseline_or_reference
sparse_propagation,128,oracle,3,128,0.0,1.0,0.25,oracle_upper_bound
sparse_propagation,128,update_all,3,512,0.0,1.0,1.0,baseline_or_reference
sparse_propagation,256,periodic,3,256,8.875330471198726,0.5,0.5,baseline_or_reference
sparse_propagation,256,random,3,256,8.875330471198726,0.4921875,0.5,baseline_or_reference
sparse_propagation,256,activity,3,256,8.106258468468862,0.5,0.5,baseline_or_reference
sparse_propagation,256,oracle,3,256,0.0,1.0,0.5,oracle_upper_bound
sparse_propagation,256,update_all,3,512,0.0,1.0,1.0,baseline_or_reference
sparse_propagation,512,periodic,3,512,0.0,1.0,1.0,baseline_or_reference
sparse_propagation,512,random,3,512,0.0,1.0,1.0,baseline_or_reference
sparse_propagation,512,activity,3,512,0.0,1.0,1.0,baseline_or_reference
sparse_propagation,512,oracle,3,512,0.0,1.0,1.0,oracle_upper_bound
sparse_propagation,512,update_all,3,512,0.0,1.0,1.0,baseline_or_reference
feedback_memory,1,periodic,9,1,1.0,0.0,0.045454545454545456,baseline_or_reference
feedback_memory,1,random,9,1,1.0,0.0,0.045454545454545456,baseline_or_reference
feedback_memory,1,activity,9,1,0.0,1.0,0.045454545454545456,baseline_or_reference
feedback_memory,1,oracle,9,1,0.0,1.0,0.045454545454545456,oracle_upper_bound
feedback_memory,1,update_all,9,22,0.0,1.0,1.0,baseline_or_reference
feedback_memory,2,periodic,9,2,1.0,0.0,0.09090909090909091,baseline_or_reference
feedback_memory,2,random,9,2,1.0,0.0,0.09090909090909091,baseline_or_reference
feedback_memory,2,activity,9,2,0.0,1.0,0.09090909090909091,baseline_or_reference
feedback_memory,2,oracle,9,2,0.0,1.0,0.09090909090909091,oracle_upper_bound
feedback_memory,2,update_all,9,22,0.0,1.0,1.0,baseline_or_reference
feedback_memory,4,periodic,9,4,1.0,0.0,0.18181818181818182,baseline_or_reference
feedback_memory,4,random,9,4,1.0,0.0,0.18181818181818182,baseline_or_reference
feedback_memory,4,activity,9,4,0.0,1.0,0.18181818181818182,baseline_or_reference
feedback_memory,4,oracle,9,4,0.0,1.0,0.18181818181818182,oracle_upper_bound
feedback_memory,4,update_all,9,22,0.0,1.0,1.0,baseline_or_reference
feedback_memory,10,periodic,9,10,1.0,0.0,0.45454545454545453,baseline_or_reference
feedback_memory,10,random,9,10,1.0,0.0,0.45454545454545453,baseline_or_reference
feedback_memory,10,activity,9,10,0.0,1.0,0.45454545454545453,baseline_or_reference
feedback_memory,10,oracle,9,10,0.0,1.0,0.45454545454545453,oracle_upper_bound
feedback_memory,10,update_all,9,22,0.0,1.0,1.0,baseline_or_reference
feedback_memory,22,periodic,9,22,0.0,1.0,1.0,baseline_or_reference
feedback_memory,22,random,9,22,0.0,1.0,1.0,baseline_or_reference
feedback_memory,22,activity,9,22,0.0,1.0,1.0,baseline_or_reference
feedback_memory,22,oracle,9,22,0.0,1.0,1.0,oracle_upper_bound
feedback_memory,22,update_all,9,22,0.0,1.0,1.0,baseline_or_reference
