cluster_index,recall_difference
0,0.1875
1,0.03125
2,0.21875
3,0
4,0.0625
5,0.144230769231
6,0.0384615384615
7,0.0288461538462
8,0.0192307692308
9,0.0192307692308
10,0.0336538461538
11,0.0336538461538
12,0.100961538462
13,-0.00961538461538
14,0.0480769230769
15,0.15625
16,0.0625
17,0.21875
18,-0.0625
19,-0.03125
20,0.115384615385
21,-0.00961538461538
22,0.0288461538462
23,-0.0576923076923
24,-0.0288461538462
25,0.0288461538462
26,0.0144230769231
27,0.0913461538462
28,0.0144230769231
29,0.0625
30,0.15625
31,0.0625
32,0.21875
33,-0.03125
34,-0.03125
35,0.153846153846
36,0.00961538461538
37,0.0288461538462
38,-0.0576923076923
39,-0.00961538461538
40,0.0384615384615
41,0.00961538461538
42,0.100961538462
43,0.00480769230769
44,0.0625
