graph,n,task,seed,snapshot_time,feature_seconds,scoring_seconds,saved_local_update_seconds,cost_ratio
chain,16,smooth,16021,0.1,2.382500097155571e-05,1.4266697689890862e-05,0.0013933349400758743,0.027338508183374976
chain,16,smooth,16021,1.1,2.3733327786127727e-05,1.3054138980805874e-05,0.0013962918892502785,0.026346544766285347
chain,16,smooth,16022,0.1,2.61944563438495e-05,1.2352108024060727e-05,0.0013661659322679043,0.028215140970409787
chain,16,smooth,16022,1.1,2.3373635485768318e-05,1.2627034448087215e-05,0.0014057080261409283,0.025610346718078932
chain,16,smooth,16023,0.1,2.3797232036789257e-05,1.2422911822795868e-05,0.001391835045069456,0.02602330210601763
chain,16,smooth,16023,1.1,2.3670836041371026e-05,1.241669524461031e-05,0.0013807499781250954,0.026136180957963284
chain,16,smooth,16024,0.1,2.6462490980823836e-05,1.2302096001803875e-05,0.0014086277224123478,0.02751939803956247
chain,16,smooth,16024,1.1,2.3930566385388374e-05,1.2314552441239357e-05,0.0013862056657671928,0.026146999483347186
chain,16,smooth,16025,0.1,2.363611323138078e-05,1.225417945533991e-05,0.0013583754189312458,0.026421482740727715
chain,16,smooth,16025,1.1,2.3370825996001562e-05,1.2295856140553952e-05,0.0013498351909220219,0.026422990285349533
chain,64,smooth,64021,0.1,4.3119474624594054e-05,3.715625498443842e-05,0.005910167004913092,0.013582649955965654
chain,64,smooth,64021,1.1,3.6665269484122594e-05,3.8410420529544353e-05,0.0059484983794391155,0.012620948216639815
chain,64,smooth,64022,0.1,4.2837501193086304e-05,3.7677097134292124e-05,0.00585587602108717,0.013749368674719745
chain,64,smooth,64022,1.1,3.745695576071739e-05,4.253124352544546e-05,0.0057679954916238785,0.013867590465755298
chain,64,smooth,64023,0.1,3.7397242461641626e-05,3.769795875996351e-05,0.005792965181171894,0.012963171514594479
chain,64,smooth,64023,1.1,3.704307600855827e-05,3.771248739212751e-05,0.005858962424099445,0.012759181232020978
chain,64,smooth,64024,0.1,3.646250503758589e-05,3.745204303413629e-05,0.006157128140330315,0.012004711675166932
chain,64,smooth,64024,1.1,3.697777477403482e-05,3.77187505364418e-05,0.00584966316819191,0.012769372041222126
chain,64,smooth,64025,0.1,3.7020848443110786e-05,3.74124851077795e-05,0.006012291647493839,0.012380193429558102
chain,64,smooth,64025,1.1,3.689443692564964e-05,3.770210314542055e-05,0.005979711189866066,0.012474940294355755
chain,128,smooth,128021,0.1,5.78388882180055e-05,8.087295573204756e-05,0.011909584514796734,0.011647076669863199
chain,128,smooth,128021,1.1,5.728473576406638e-05,8.081460837274789e-05,0.011824628338217735,0.011678958542017844
chain,128,smooth,128022,0.1,5.8175002535184225e-05,8.052291814237833e-05,0.012169253546744585,0.011397405777174052
chain,128,smooth,128022,1.1,5.8580562472343446e-05,7.92020931839943e-05,0.011959335766732693,0.011520928782650958
chain,128,smooth,128023,0.1,5.817779650290807e-05,7.886874955147505e-05,0.012169253081083298,0.011261705639717318
chain,128,smooth,128023,1.1,5.890969187021256e-05,7.888961117714643e-05,0.011973869986832142,0.011508334665308635
chain,128,smooth,128024,0.1,5.807500953475634e-05,7.871249690651893e-05,0.012096541002392769,0.011307985184708413
chain,128,smooth,128024,1.1,5.720552677909533e-05,7.911873981356621e-05,0.011769997887313366,0.011582352681609452
chain,128,smooth,128025,0.1,5.829442913333575e-05,7.875000592321158e-05,0.012024296447634697,0.011397293442769817
chain,128,smooth,128025,1.1,5.823193738857905e-05,8.384373504668474e-05,0.011805501766502857,0.012034700027608472
star,16,smooth,16021,0.1,2.372640495498975e-05,1.283334568142891e-05,0.0013615000061690807,0.026852552677754753
star,16,smooth,16021,1.1,2.327637436489264e-05,1.3579148799180984e-05,0.0014022081159055233,0.02628391801902596
star,16,smooth,16022,0.1,2.6912506048878033e-05,1.2997956946492196e-05,0.0015080422163009644,0.0264650833802687
star,16,smooth,16022,1.1,2.3363887642820676e-05,1.2347963638603687e-05,0.0013421648181974888,0.02660764966957259
star,16,smooth,16023,0.1,2.385694533586502e-05,1.2449990026652814e-05,0.0013568336144089699,0.02675857597936425
star,16,smooth,16023,1.1,2.3490268116195997e-05,1.2872903607785701e-05,0.0013495837338268757,0.026943990811796756
star,16,smooth,16024,0.1,2.3481963823239008e-05,1.2460397556424141e-05,0.0014438335783779621,0.02489370099013882
star,16,smooth,16024,1.1,2.3458339273929597e-05,1.2370850890874863e-05,0.001580623909831047,0.022667751602362035
star,16,smooth,16025,0.1,2.5836129983266194e-05,1.2433342635631562e-05,0.001447918824851513,0.026430675506150955
star,16,smooth,16025,1.1,2.329307608306408e-05,1.2447964400053024e-05,0.0013588746078312397,0.026301941530984755
star,64,smooth,64021,0.1,3.655276571710904e-05,3.712084144353866e-05,0.005846664309501648,0.012600964115712574
star,64,smooth,64021,1.1,3.6418034384648004e-05,4.1193747892975804e-05,0.005827584303915501,0.013318002491268494
star,64,smooth,64022,0.1,3.714167202512423e-05,3.689585719257593e-05,0.00588728953152895,0.012575826077721772
star,64,smooth,64022,1.1,3.7976400926709174e-05,3.682500682771206e-05,0.005840749014168978,0.012806817682622847
star,64,smooth,64023,0.1,3.645832960804304e-05,3.699795342981815e-05,0.005836461670696735,0.012585756093741683
star,64,smooth,64023,1.1,3.623057467242082e-05,3.829789347946644e-05,0.005786416586488485,0.012879900200395911
star,64,smooth,64024,0.1,4.037083126604557e-05,3.764585126191378e-05,0.006004876922816038,0.012992220078904257
star,64,smooth,64024,1.1,3.643473610281944e-05,3.8510398007929324e-05,0.005744830705225468,0.013045664521076151
star,64,smooth,64025,0.1,3.7436140701174736e-05,4.163749981671572e-05,0.005936331115663052,0.01332028806635366
star,64,smooth,64025,1.1,3.7219437460104624e-05,3.7914537824690345e-05,0.005944088101387024,0.01264011804725149
star,128,smooth,128021,0.1,5.8323641618092854e-05,8.111249189823866e-05,0.012209963984787464,0.011419864439408388
star,128,smooth,128021,1.1,5.8976405610640845e-05,8.078331593424082e-05,0.011322042439132929,0.012344037950416376
star,128,smooth,128022,0.1,6.03180689116319e-05,8.061875123530627e-05,0.011957463808357716,0.011786514465419484
star,128,smooth,128022,1.1,5.6986122702558834e-05,8.106669411063194e-05,0.011403788346797228,0.01210587329533901
star,128,smooth,128023,0.1,5.763890221714974e-05,8.076040539890527e-05,0.012137871235609055,0.011402271858843823
star,128,smooth,128023,1.1,5.808193236589432e-05,8.10104189440608e-05,0.011483297683298588,0.012112579081900166
star,128,smooth,128024,0.1,5.769444008668264e-05,8.07187519967556e-05,0.011892452370375395,0.011638742605203228
star,128,smooth,128024,1.1,5.8074994012713435e-05,8.780625648796558e-05,0.011558747384697199,0.01262085290433922
star,128,smooth,128025,0.1,5.6341663002967836e-05,7.942919619381427e-05,0.011948337778449059,0.011363158768550123
star,128,smooth,128025,1.1,5.51735982298851e-05,7.929580751806498e-05,0.0117229581810534,0.01147060355169389
feedback_ring,16,smooth,16021,0.1,2.3354170843958853e-05,1.2483331374824047e-05,0.0013553337194025517,0.026441828832075784
feedback_ring,16,smooth,16021,1.1,2.353197584549586e-05,1.238333061337471e-05,0.0013586231507360935,0.02643507615736702
feedback_ring,16,smooth,16022,0.1,2.4074998994668324e-05,1.221455167979002e-05,0.0013902923092246056,0.026102101287388813
feedback_ring,16,smooth,16022,1.1,2.423610227803389e-05,1.2410408817231656e-05,0.0013696243986487389,0.026756613806982934
feedback_ring,16,smooth,16023,0.1,2.354583702981472e-05,1.2427102774381638e-05,0.0013604993000626564,0.02644098369072271
feedback_ring,16,smooth,16023,1.1,2.3520831018686294e-05,1.2277089990675449e-05,0.0013885404914617538,0.02578097018379083
feedback_ring,16,smooth,16024,0.1,2.6305563127001128e-05,1.2422911822795868e-05,0.0014254995621740818,0.027168352749776206
feedback_ring,16,smooth,16024,1.1,2.3440256093939145e-05,1.2333341874182225e-05,0.0013492908328771591,0.02651288891649814
feedback_ring,16,smooth,16025,0.1,2.5684727976719538e-05,1.2445845641195774e-05,0.0014528315514326096,0.026245694884803043
feedback_ring,16,smooth,16025,1.1,2.3161092152198155e-05,1.2337509542703628e-05,0.0013425820507109165,0.02644054542223677
feedback_ring,64,smooth,64021,0.1,3.689305546383063e-05,4.193750210106373e-05,0.005853996612131596,0.013466109187956989
feedback_ring,64,smooth,64021,1.1,3.7736135224501294e-05,3.725211136043072e-05,0.005834544543176889,0.012852459353082797
feedback_ring,64,smooth,64022,0.1,3.694584593176842e-05,3.781248815357685e-05,0.0058619980700314045,0.012753046519673242
feedback_ring,64,smooth,64022,1.1,3.670696169137955e-05,3.716461360454559e-05,0.005779207684099674,0.012782301542678228
feedback_ring,64,smooth,64023,0.1,3.738890712459882e-05,3.753125201910734e-05,0.005830455105751753,0.012849796076775773
feedback_ring,64,smooth,64023,1.1,3.664307296276092e-05,3.729586023837328e-05,0.005767413415014744,0.012820120196107909
feedback_ring,64,smooth,64024,0.1,3.725557277599971e-05,3.7299981340765956e-05,0.005900333635509014,0.012635820060764047
feedback_ring,64,smooth,64024,1.1,3.7412500629822415e-05,3.7345802411437035e-05,0.005815370939671993,0.012855293981552288
feedback_ring,64,smooth,64025,0.1,3.654582736392816e-05,3.719585947692394e-05,0.005824086256325245,0.012661503211901263
feedback_ring,64,smooth,64025,1.1,3.669583238661289e-05,3.741455730050802e-05,0.005820786114782095,0.012732024201836743
feedback_ring,128,smooth,128021,0.1,5.7936087250709535e-05,7.97000015154481e-05,0.011933917645365,0.011533185736338138
feedback_ring,128,smooth,128021,1.1,5.790833383798599e-05,8.005204144865275e-05,0.011492791585624218,0.012004078753086131
feedback_ring,128,smooth,128022,0.1,6.319442763924599e-05,7.982500828802585e-05,0.011931256856769323,0.011986954739485663
feedback_ring,128,smooth,128022,1.1,5.750833079218864e-05,7.979585789144039e-05,0.011789120268076658,0.01164668656875358
feedback_ring,128,smooth,128023,0.1,5.770833231508732e-05,8.042913395911455e-05,0.012183590326458216,0.011337993364256413
feedback_ring,128,smooth,128023,1.1,5.76374897112449e-05,8.04458511993289e-05,0.011844499502331018,0.01165801399066282
feedback_ring,128,smooth,128024,0.1,5.678056428829829e-05,7.967711426317691e-05,0.011892462614923716,0.011474299560146273
feedback_ring,128,smooth,128024,1.1,5.759721000989278e-05,7.992500904947519e-05,0.011387208476662636,0.012076903601195243
feedback_ring,128,smooth,128025,0.1,5.7633345325787864e-05,8.628540672361851e-05,0.01117429044097662,0.012879453313800571
feedback_ring,128,smooth,128025,1.1,5.431665728489558e-05,8.009374141693115e-05,0.01092158304527402,0.012306860474772354
modular_sparse,16,smooth,16021,0.1,2.3948587477207182e-05,1.238540280610323e-05,0.0013742935843765736,0.02643830306447421
modular_sparse,16,smooth,16021,1.1,2.3741663123170536e-05,1.2418767437338828e-05,0.0013630837202072144,0.02652840029151863
modular_sparse,16,smooth,16022,0.1,2.3859723781545958e-05,1.2283329851925373e-05,0.0012992923147976398,0.027817492046892066
modular_sparse,16,smooth,16022,1.1,2.3606931790709496e-05,1.2304168194532394e-05,0.0013812081888318062,0.025999773441550956
modular_sparse,16,smooth,16023,0.1,2.3583338285485905e-05,1.237913966178894e-05,0.0013869148679077625,0.0259298380740025
modular_sparse,16,smooth,16023,1.1,2.2134728108843168e-05,1.2347917072474957e-05,0.0012527098879218102,0.027526441288432152
modular_sparse,16,smooth,16024,0.1,2.3594436546166737e-05,1.2262491509318352e-05,0.0013558343052864075,0.026446393866624167
modular_sparse,16,smooth,16024,1.1,2.1633335078756013e-05,1.2268754653632641e-05,0.0012972918339073658,0.0261329708908115
modular_sparse,16,smooth,16025,0.1,2.165416566034158e-05,1.2318743392825126e-05,0.0013680830597877502,0.024832490110971328
modular_sparse,16,smooth,16025,1.1,2.38708375642697e-05,1.230000052601099e-05,0.0013605435378849506,0.026585579279962256
modular_sparse,64,smooth,64021,0.1,3.667084189752738e-05,3.7512509152293205e-05,0.005312163848429918,0.013964808534990212
modular_sparse,64,smooth,64021,1.1,3.3804153402646384e-05,3.739581443369388e-05,0.0052854944951832294,0.013470824328967922
modular_sparse,64,smooth,64022,0.1,3.4137504796187085e-05,3.752289339900017e-05,0.005325082689523697,0.013457142803841967
modular_sparse,64,smooth,64022,1.1,3.393332784374555e-05,4.5945798046886924e-05,0.005298747215420008,0.015075096554554322
modular_sparse,64,smooth,64023,0.1,3.401945965985457e-05,3.8152094930410385e-05,0.005343166645616293,0.013507262523709014
modular_sparse,64,smooth,64023,1.1,3.396525668601195e-05,3.753125201910734e-05,0.005311164073646069,0.013461551500523979
modular_sparse,64,smooth,64024,0.1,3.3943060164650284e-05,3.781248815357685e-05,0.005477542523294687,0.013099952764048446
modular_sparse,64,smooth,64024,1.1,3.3684695760409035e-05,4.18646028265357e-05,0.005321750417351723,0.014196325017538222
modular_sparse,64,smooth,64025,0.1,3.4016665692130726e-05,3.7241633981466295e-05,0.005600959062576294,0.012722517496998107
modular_sparse,64,smooth,64025,1.1,3.412081860005855e-05,3.77145828679204e-05,0.005421291571110487,0.013250606525349515
modular_sparse,128,smooth,128021,0.1,5.106527047852675e-05,8.083125576376914e-05,0.0109479995444417,0.012047545828521683
modular_sparse,128,smooth,128021,1.1,5.135137277344863e-05,8.13562422990799e-05,0.010514670517295599,0.01262118626106615
modular_sparse,128,smooth,128022,0.1,5.171390560766061e-05,9.000624995678664e-05,0.010850544087588787,0.013061110523162748
modular_sparse,128,smooth,128022,1.1,5.183056928217411e-05,8.14020400866866e-05,0.010865041520446539,0.012262503472088437
modular_sparse,128,smooth,128023,0.1,5.096249903241793e-05,8.085626177489758e-05,0.010860293172299862,0.012137679776779037
modular_sparse,128,smooth,128023,1.1,5.174027755856514e-05,8.018335793167353e-05,0.010748204309493303,0.012274016355803517
modular_sparse,128,smooth,128024,0.1,5.1169438908497496e-05,7.900414057075978e-05,0.010920630767941475,0.011919968932691498
modular_sparse,128,smooth,128024,1.1,5.1743040482203163e-05,7.925624959170818e-05,0.01078141713514924,0.012150470428125032
modular_sparse,128,smooth,128025,0.1,5.1238900050520896e-05,7.896043825894594e-05,0.011004157364368439,0.011831831733982057
modular_sparse,128,smooth,128025,1.1,5.055693909525871e-05,7.986039854586124e-05,0.010662464890629053,0.012231443571339696
chain,16,sparse_pulse,16021,0.1,2.3566667611400286e-05,1.2470805086195468e-05,0.005089000333100557,0.007081444358176988
chain,16,sparse_pulse,16021,1.1,2.3430539295077323e-05,1.2724986299872399e-05,0.004461956210434437,0.008103065984914596
chain,16,sparse_pulse,16022,0.1,2.3283328240116437e-05,1.2674997560679912e-05,0.001409292221069336,0.025515166594414364
chain,16,sparse_pulse,16022,1.1,2.5709733987847962e-05,1.3395864516496659e-05,0.003715832717716694,0.0105240470912195
chain,16,sparse_pulse,16023,0.1,2.3283328240116437e-05,1.2706266716122627e-05,0.0047532483004033566,0.007571578988033303
chain,16,sparse_pulse,16023,1.1,2.5044428184628487e-05,1.2195855379104615e-05,0.0036288322880864143,0.010262332510100915
chain,16,sparse_pulse,16024,0.1,2.3424997925758363e-05,1.2218765914440154e-05,0.0037301690317690372,0.00955553583138682
chain,16,sparse_pulse,16024,1.1,2.3441653077801068e-05,1.2164609506726265e-05,0.004992335103452206,0.007132186010491475
chain,16,sparse_pulse,16025,0.1,2.2872226933638253e-05,1.2270850129425526e-05,0.004665957298129797,0.007531804261721337
chain,16,sparse_pulse,16025,1.1,2.29458324611187e-05,1.2208311818540097e-05,0.004505038261413574,0.007803295386136912
chain,64,sparse_pulse,64021,0.1,3.5169472297032675e-05,3.684584517031908e-05,0.017898250371217728,0.004023595377968339
chain,64,sparse_pulse,64021,1.1,3.6181928589940074e-05,4.1029159910976885e-05,0.016687332186847925,0.004626928237323079
chain,64,sparse_pulse,64022,0.1,3.5975004235903424e-05,3.680000081658363e-05,0.014938456937670708,0.00487165477372488
chain,64,sparse_pulse,64022,1.1,3.56944277882576e-05,3.702498506754637e-05,0.01172437472268939,0.0062024128856164075
chain,64,sparse_pulse,64023,0.1,3.5358328993121783e-05,3.6874995566904543e-05,0.014375705271959305,0.005024680403049293
chain,64,sparse_pulse,64023,1.1,3.538889189561208e-05,3.681459929794073e-05,0.014603371266275644,0.004944302919990553
chain,64,sparse_pulse,64024,0.1,3.551389090716839e-05,3.677711356431246e-05,0.01847687177360058,0.003912513187149403
chain,64,sparse_pulse,64024,1.1,3.5588893418510754e-05,3.675625193864107e-05,0.014002875424921513,0.005166449258585569
chain,64,sparse_pulse,64025,0.1,3.538886085152626e-05,3.65228857845068e-05,0.013188669923692942,0.005452539721753621
chain,64,sparse_pulse,64025,1.1,3.580556561549505e-05,4.116250202059746e-05,0.011484416667371988,0.006701957083703175
chain,128,sparse_pulse,128021,0.1,5.247917336722215e-05,7.86124961450696e-05,0.030105127952992916,0.00435446312392302
chain,128,sparse_pulse,128021,1.1,5.27874877055486e-05,7.854164578020572e-05,0.028971210587769747,0.004533090983129133
chain,128,sparse_pulse,128022,0.1,5.2155538772543274e-05,7.884791120886803e-05,0.03285903949290514,0.003986831386525991
chain,128,sparse_pulse,128022,1.1,5.2338854099313416e-05,7.861040066927671e-05,0.028594869188964367,0.004579466823339323
chain,128,sparse_pulse,128023,0.1,5.2647215003768606e-05,7.849999237805605e-05,0.02800974901765585,0.004682198590896207
chain,128,sparse_pulse,128023,1.1,5.2819463113943736e-05,7.859789766371251e-05,0.02343253931030631,0.005608327763259318
chain,128,sparse_pulse,128024,0.1,5.229306407272816e-05,8.503124117851258e-05,0.028837413992732763,0.004762018719356994
chain,128,sparse_pulse,128024,1.1,5.224859341979027e-05,7.85832991823554e-05,0.027821294497698545,0.004702581061171271
chain,128,sparse_pulse,128025,0.1,5.31194731593132e-05,7.866460364311934e-05,0.0233865468762815,0.005635037848879143
chain,128,sparse_pulse,128025,1.1,5.3283323844273885e-05,7.857289165258408e-05,0.019450460094958544,0.006779079510362554
star,16,sparse_pulse,16021,0.1,2.3520831018686294e-05,1.2277089990675449e-05,0.00500095821917057,0.007158212374607476
star,16,sparse_pulse,16021,1.1,2.368609420955181e-05,1.2316694483160973e-05,0.0013857497833669186,0.02598072835720586
star,16,sparse_pulse,16022,0.1,2.5079166516661643e-05,1.2181233614683151e-05,0.0013884147629141808,0.02683664934038727
star,16,sparse_pulse,16022,1.1,2.3129163309931755e-05,1.2602051720023156e-05,0.003993168473243713,0.00894808602977121
star,16,sparse_pulse,16023,0.1,2.347916985551516e-05,1.2333295308053493e-05,0.004581083543598652,0.007817466069487203
star,16,sparse_pulse,16023,1.1,2.551946478585402e-05,1.233336515724659e-05,0.0036682458594441414,0.010319054772636354
star,16,sparse_pulse,16024,0.1,2.2930574292937914e-05,1.2247893027961255e-05,0.0030041243880987167,0.01171005683395264
star,16,sparse_pulse,16024,1.1,2.289723294476668e-05,1.2579187750816345e-05,0.004745958372950554,0.007475080459571624
star,16,sparse_pulse,16025,0.1,2.3306921745340028e-05,1.2366659939289093e-05,0.005009290762245655,0.0071214835348540895
star,16,sparse_pulse,16025,1.1,2.541110540429751e-05,1.230000052601099e-05,0.004021543078124523,0.00937727265323622
star,64,sparse_pulse,64021,0.1,3.589722327888012e-05,4.114585462957621e-05,0.014225831255316734,0.0054157171223061145
star,64,sparse_pulse,64021,1.1,3.558052703738213e-05,3.681874368339777e-05,0.013200629968196154,0.0054845314879069474
star,64,sparse_pulse,64022,0.1,3.552224176625411e-05,3.69104091078043e-05,0.014724001288414001,0.004919359177933114
star,64,sparse_pulse,64022,1.1,3.5376396651069325e-05,3.691038582473993e-05,0.015748498030006886,0.004590074706684753
star,64,sparse_pulse,64023,0.1,3.583890696366628e-05,3.6933342926204205e-05,0.015325330197811127,0.00474849474370636
star,64,sparse_pulse,64023,1.1,3.588610949615637e-05,4.124999977648258e-05,0.014826210215687752,0.005202685524519308
star,64,sparse_pulse,64024,0.1,3.589306337138017e-05,3.673541359603405e-05,0.018157876562327147,0.003999833169815646
star,64,sparse_pulse,64024,1.1,3.623889448742072e-05,3.692083992063999e-05,0.01802237518131733,0.004059383609098363
star,64,sparse_pulse,64025,0.1,3.575693505505721e-05,3.6841654218733313e-05,0.01643404457718134,0.004417572858150428
star,64,sparse_pulse,64025,1.1,3.553473701079686e-05,3.6914553493261335e-05,0.014088994823396206,0.00514226113446708
star,128,sparse_pulse,128021,0.1,5.3111137822270395e-05,8.731875568628311e-05,0.030974041670560837,0.004533793006484672
star,128,sparse_pulse,128021,1.1,5.542083332935969e-05,7.913329172879458e-05,0.02646112209185958,0.005084974272483634
star,128,sparse_pulse,128022,0.1,5.303750125070413e-05,7.917084731161595e-05,0.032778705935925245,0.004033360829459122
star,128,sparse_pulse,128022,1.1,5.334027421971162e-05,7.945625111460686e-05,0.027589877136051655,0.004813233661007988
star,128,sparse_pulse,128023,0.1,5.272917139033477e-05,7.935415487736464e-05,0.028012413531541824,0.004715171226462664
star,128,sparse_pulse,128023,1.1,5.310974083840847e-05,7.914374582469463e-05,0.028462078422307968,0.004646655971527563
star,128,sparse_pulse,128024,0.1,5.2729155868291855e-05,7.921664509922267e-05,0.025263332296162844,0.005222818566478472
star,128,sparse_pulse,128024,1.1,5.21958339959383e-05,7.89812533184886e-05,0.024703036062419415,0.005310160539901646
star,128,sparse_pulse,128025,0.1,5.358469982941945e-05,8.790828287601471e-05,0.02363678812980652,0.005986134068994271
star,128,sparse_pulse,128025,1.1,5.321390926837921e-05,7.99208413809538e-05,0.02307075122371316,0.00577071588863093
feedback_ring,16,sparse_pulse,16021,0.1,2.3152756815155346e-05,1.2849993072450162e-05,0.005043624900281429,0.0071382687252568265
feedback_ring,16,sparse_pulse,16021,1.1,2.5340262800455095e-05,1.2677046470344067e-05,0.004206291399896145,0.009038201507327292
feedback_ring,16,sparse_pulse,16022,0.1,2.5241666783889134e-05,1.2489547953009605e-05,0.0013861232437193394,0.027220678181296344
feedback_ring,16,sparse_pulse,16022,1.1,2.532916453977426e-05,1.2670829892158509e-05,0.0037691667675971985,0.010081802365077452
feedback_ring,16,sparse_pulse,16023,0.1,2.573053352534771e-05,1.2652087025344372e-05,0.004776123911142349,0.00803635359232373
feedback_ring,16,sparse_pulse,16023,1.1,2.319446454445521e-05,1.2270850129425526e-05,0.0038297087885439396,0.009260577404728649
feedback_ring,16,sparse_pulse,16024,0.1,2.541113644838333e-05,1.2347917072474957e-05,0.0038893315941095352,0.0097083657197152
feedback_ring,16,sparse_pulse,16024,1.1,2.5394465774297713e-05,1.239166595041752e-05,0.004612624179571867,0.008191894733600963
feedback_ring,16,sparse_pulse,16025,0.1,2.5461132948597273e-05,1.2314599007368088e-05,0.005166665650904179,0.007311433428899065
feedback_ring,16,sparse_pulse,16025,1.1,2.5177793577313424e-05,1.2395856902003289e-05,0.004870580509305,0.007714409074551613
feedback_ring,64,sparse_pulse,64021,0.1,3.545139916241169e-05,3.712710458785296e-05,0.01782649615779519,0.004071383580251549
feedback_ring,64,sparse_pulse,64021,1.1,3.552360770603021e-05,3.699585795402527e-05,0.013501002453267574,0.005371413412528044
feedback_ring,64,sparse_pulse,64022,0.1,3.5145832225680354e-05,3.66666354238987e-05,0.011861751321703196,0.006054120146506975
feedback_ring,64,sparse_pulse,64022,1.1,3.708750009536743e-05,3.7727062590420246e-05,0.011191003955900669,0.006685241376073348
feedback_ring,64,sparse_pulse,64023,0.1,3.54597344994545e-05,3.780624829232693e-05,0.0151319638825953,0.004841802647708639
feedback_ring,64,sparse_pulse,64023,1.1,3.555972749988238e-05,3.7716655060648915e-05,0.01407112693414092,0.005207570289394522
feedback_ring,64,sparse_pulse,64024,0.1,3.607360025246938e-05,3.7408340722322465e-05,0.016784587875008583,0.004377941330582373
feedback_ring,64,sparse_pulse,64024,1.1,3.570277864734332e-05,3.770415205508471e-05,0.01706291688606143,0.004302132583344739
feedback_ring,64,sparse_pulse,64025,0.1,3.5676391174395876e-05,3.7510390393435954e-05,0.013287960086017847,0.005507751460274332
feedback_ring,64,sparse_pulse,64025,1.1,3.5745836794376376e-05,3.772079944610596e-05,0.011570125818252563,0.006349683434261739
feedback_ring,128,sparse_pulse,128021,0.1,5.315832483271758e-05,8.101454004645347e-05,0.03067145636305213,0.004374518878105841
feedback_ring,128,sparse_pulse,128021,1.1,5.2674999460577963e-05,8.991044014692307e-05,0.03043036675080657,0.0046856300081799624
feedback_ring,128,sparse_pulse,128022,0.1,5.298890173435211e-05,8.130623027682304e-05,0.03264254191890359,0.0041141137949616486
feedback_ring,128,sparse_pulse,128022,1.1,5.2981932337085404e-05,8.210418745875358e-05,0.030487791635096073,0.004430826653916592
feedback_ring,128,sparse_pulse,128023,0.1,5.282360749940077e-05,8.141039870679379e-05,0.028021129313856363,0.004790456683693196
feedback_ring,128,sparse_pulse,128023,1.1,5.185833821694056e-05,8.08354001492262e-05,0.02046071272343397,0.006485294044238771
feedback_ring,128,sparse_pulse,128024,0.1,5.333609879016876e-05,8.166665211319923e-05,0.029346329160034657,0.004600328380669214
feedback_ring,128,sparse_pulse,128024,1.1,5.260691978037357e-05,8.207920473068953e-05,0.02804775070399046,0.004802029436602943
feedback_ring,128,sparse_pulse,128025,0.1,5.426529484490553e-05,7.942081429064274e-05,0.023803917225450277,0.005616139052635252
feedback_ring,128,sparse_pulse,128025,1.1,5.320000151793162e-05,7.939585484564304e-05,0.024940792005509138,0.005316425249618607
modular_sparse,16,sparse_pulse,16021,0.1,2.564446379741033e-05,1.2356252409517764e-05,0.0046391659416258335,0.00819128194272146
modular_sparse,16,sparse_pulse,16021,1.1,2.3348644996682804e-05,1.2679141946136951e-05,0.00450774934142828,0.007992411337451244
modular_sparse,16,sparse_pulse,16022,0.1,2.5480535502235094e-05,1.2322957627475261e-05,0.0013929987326264381,0.027138210713539935
modular_sparse,16,sparse_pulse,16022,1.1,2.309999739130338e-05,1.27437524497509e-05,0.0036188759841024876,0.009904663768118552
modular_sparse,16,sparse_pulse,16023,0.1,2.5381923963626227e-05,1.2641679495573043e-05,0.004693081136792898,0.008102055419647695
modular_sparse,16,sparse_pulse,16023,1.1,2.499166876077652e-05,1.249795313924551e-05,0.003868542145937681,0.009690891422596888
modular_sparse,16,sparse_pulse,16024,0.1,2.322917183240255e-05,1.257709227502346e-05,0.004373123869299889,0.008187800112133202
modular_sparse,16,sparse_pulse,16024,1.1,2.5609694421291352e-05,1.2500002048909664e-05,0.004856831859797239,0.00784661638910267
modular_sparse,16,sparse_pulse,16025,0.1,2.3179159810145697e-05,1.2460397556424141e-05,0.005004497244954109,0.007121506041891457
modular_sparse,16,sparse_pulse,16025,1.1,2.5656943519910177e-05,1.2558349408209323e-05,0.004974625539034605,0.0076820441314132985
modular_sparse,64,sparse_pulse,64021,0.1,3.6111132552226384e-05,3.747085575014353e-05,0.017866328824311495,0.004118472744229563
modular_sparse,64,sparse_pulse,64021,1.1,3.592222929000854e-05,3.6904215812683104e-05,0.016623701434582472,0.004380880238331878
modular_sparse,64,sparse_pulse,64022,0.1,3.587775863707065e-05,3.7810392677783965e-05,0.011876872275024652,0.0062043397965818115
modular_sparse,64,sparse_pulse,64022,1.1,3.578471951186657e-05,3.7095858715474606e-05,0.011197459883987904,0.006508670625519153
modular_sparse,64,sparse_pulse,64023,0.1,3.5458337515592574e-05,3.699373919516802e-05,0.015024293214082718,0.004822328456878697
modular_sparse,64,sparse_pulse,64023,1.1,3.527500666677952e-05,3.6683306097984315e-05,0.014515745919197798,0.00495725904581971
modular_sparse,64,sparse_pulse,64024,0.1,3.550552452603976e-05,3.703960683196783e-05,0.01783429365605116,0.0040677322442424346
modular_sparse,64,sparse_pulse,64024,1.1,3.54069285094738e-05,3.6891712807118895e-05,0.017846834380179644,0.004051062489652854
modular_sparse,64,sparse_pulse,64025,0.1,3.6031923567255335e-05,3.673539031296968e-05,0.013324831612408161,0.0054610306529099895
modular_sparse,64,sparse_pulse,64025,1.1,3.5684742033481595e-05,3.704789560288191e-05,0.011399208102375269,0.006380499152498857
modular_sparse,128,sparse_pulse,128021,0.1,5.882916351159414e-05,7.905210368335247e-05,0.0328951315023005,0.004191540234010129
modular_sparse,128,sparse_pulse,128021,1.1,5.7080558811624844e-05,8.106455206871032e-05,0.029115329962223768,0.004744755119024038
modular_sparse,128,sparse_pulse,128022,0.1,5.206946904460589e-05,7.903955411165952e-05,0.03292324347421527,0.003982263268166364
modular_sparse,128,sparse_pulse,128022,1.1,5.3237502773602806e-05,7.881040219217538e-05,0.030485544353723526,0.00433149244224172
modular_sparse,128,sparse_pulse,128023,0.1,5.371666823824247e-05,7.875210139900446e-05,0.02842100476846099,0.004660946040312007
modular_sparse,128,sparse_pulse,128023,1.1,5.341249828537305e-05,8.120210841298104e-05,0.02465857844799757,0.005459138976005555
modular_sparse,128,sparse_pulse,128024,0.1,5.291667766869068e-05,8.966249879449606e-05,0.029738538898527622,0.004794424398242576
modular_sparse,128,sparse_pulse,128024,1.1,5.319723859429359e-05,8.43854621052742e-05,0.02828353736549616,0.004864409247034587
modular_sparse,128,sparse_pulse,128025,0.1,5.979582977791627e-05,7.850416004657745e-05,0.025482455734163523,0.0054272630262663145
modular_sparse,128,sparse_pulse,128025,1.1,5.2845835064848264e-05,8.100834675133229e-05,0.025006326846778393,0.005352812615637119
chain,16,dense_burst,16021,0.1,2.3413899665077528e-05,1.2512505054473878e-05,0.005050416104495525,0.007113553413464733
chain,16,dense_burst,16021,1.1,2.333889715373516e-05,1.2585450895130634e-05,0.0050811669789254665,0.007070097912126251
chain,16,dense_burst,16022,0.1,2.5368031735221545e-05,1.2512505054473878e-05,0.0014604581519961357,0.025937433905874527
chain,16,dense_burst,16022,1.1,2.5354170550902683e-05,1.2547895312309266e-05,0.0040502469055354595,0.009357964279019958
chain,16,dense_burst,16023,0.1,2.516250436504682e-05,1.2589595280587674e-05,0.004830207675695419,0.007815833641190015
chain,16,dense_burst,16023,1.1,2.5486138959725697e-05,1.249795313924551e-05,0.0040246667340397835,0.009437822957540748
chain,16,dense_burst,16024,0.1,2.5724992156028748e-05,1.249164342880249e-05,0.00392958102747798,0.009725371564448648
chain,16,dense_burst,16024,1.1,2.5574987133344015e-05,1.2502097524702549e-05,0.004881541710346937,0.007800217004668466
chain,16,dense_burst,16025,0.1,2.547361267109712e-05,1.3933354057371617e-05,0.005226833745837212,0.007539357217905292
chain,16,dense_burst,16025,1.1,2.5629159063100813e-05,1.252915244549513e-05,0.004854209255427122,0.007860870741395016
chain,64,dense_burst,64021,0.1,3.542915607492129e-05,3.7622894160449506e-05,0.017834247555583715,0.004096166659551553
chain,64,dense_burst,64021,1.1,3.613472605744998e-05,3.77333490177989e-05,0.014041418675333261,0.005260727336975847
chain,64,dense_burst,64022,0.1,3.518473046521346e-05,3.7958286702632905e-05,0.015029247384518385,0.0048667119048949135
chain,64,dense_burst,64022,1.1,3.574582127233346e-05,3.782084677368402e-05,0.011495756451040506,0.006399462998310025
chain,64,dense_burst,64023,0.1,3.592083230614662e-05,3.762918058782816e-05,0.014489286113530397,0.0050761654037111085
chain,64,dense_burst,64023,1.1,3.5358328993121783e-05,3.7645804695785046e-05,0.01433929381892085,0.005091194490524848
chain,64,dense_burst,64024,0.1,3.8851409529646236e-05,3.7797912955284116e-05,0.020087791606783867,0.003815716729112474
chain,64,dense_burst,64024,1.1,3.593889996409416e-05,3.7589599378407e-05,0.018933918327093124,0.0038834275120584513
chain,64,dense_burst,64025,0.1,3.9787497371435165e-05,3.72396083548665e-05,0.014316586311906576,0.005380270411406739
chain,64,dense_burst,64025,1.1,3.984030336141586e-05,3.782289568334818e-05,0.012231873348355293,0.006349248135013325
chain,128,dense_burst,128021,0.1,5.9925004219015436e-05,8.086874149739742e-05,0.03225183254107833,0.004365449483749101
chain,128,dense_burst,128021,1.1,5.7027799387772876e-05,8.106459863483906e-05,0.02868312457576394,0.0048144126577930185
chain,128,dense_burst,128022,0.1,5.595556770761808e-05,8.388750720769166e-05,0.03476262604817748,0.004022799506616715
chain,128,dense_burst,128022,1.1,5.825000504652659e-05,8.135829120874405e-05,0.028506914619356394,0.004897348524714619
chain,128,dense_burst,128023,0.1,5.357915846010049e-05,8.091460913419723e-05,0.03011892084032297,0.00446542451860488
chain,128,dense_burst,128023,1.1,5.353197144965331e-05,8.145419415086507e-05,0.021974453702569008,0.006142867869554241
chain,128,dense_burst,128024,0.1,5.307500250637531e-05,8.1212492659688e-05,0.030514541547745466,0.004400770529550525
chain,128,dense_burst,128024,1.1,5.436390638351441e-05,8.057914674282074e-05,0.030004754196852446,0.004497389055114836
chain,128,dense_burst,128025,0.1,5.809720605611801e-05,8.272500708699227e-05,0.02479475410655141,0.005679516422625117
chain,128,dense_burst,128025,1.1,5.3844461217522624e-05,8.916044607758522e-05,0.024315538816154003,0.005881214822190273
star,16,dense_burst,16021,0.1,2.883469375471274e-05,1.26146012917161e-05,0.005581917241215706,0.007425637689569444
star,16,dense_burst,16021,1.1,2.825275684396426e-05,1.2474996037781238e-05,0.0016059176996350288,0.025361046142651986
star,16,dense_burst,16022,0.1,2.8294433529178303e-05,1.2810458429157734e-05,0.0016301223076879978,0.02521583304791105
star,16,dense_burst,16022,1.1,2.5668072824676833e-05,1.2545799836516381e-05,0.00450233556330204,0.00848756653605955
star,16,dense_burst,16023,0.1,2.5448606659968694e-05,1.2637488543987274e-05,0.0050037880428135395,0.007611452539172871
star,16,dense_burst,16023,1.1,2.8677765900890032e-05,1.2643751688301563e-05,0.004424877464771271,0.009338454661891427
star,16,dense_burst,16024,0.1,2.548334499200185e-05,1.2497906573116779e-05,0.003393750172108412,0.011191528438736633
star,16,dense_burst,16024,1.1,2.53166692952315e-05,1.2520793825387955e-05,0.005204961635172367,0.007269498945954561
star,16,dense_burst,16025,0.1,2.4733335400621097e-05,1.2495787814259529e-05,0.005616414826363325,0.006628627757360079
star,16,dense_burst,16025,1.1,2.7786133189996085e-05,1.260833814740181e-05,0.005118582863360643,0.007891729491485972
star,64,dense_burst,64021,0.1,3.9513905843098955e-05,3.804999869316816e-05,0.01498470501974225,0.005176204965935412
star,64,dense_burst,64021,1.1,4.021666633586089e-05,3.792708739638329e-05,0.014274707064032555,0.005474280724761076
star,64,dense_burst,64022,0.1,3.862779897948106e-05,4.222085699439049e-05,0.016042163595557213,0.005039760097962231
star,64,dense_burst,64022,1.1,3.863889724016189e-05,3.8016657344996926e-05,0.016506790183484554,0.004643880108311704
star,64,dense_burst,64023,0.1,3.900832186142604e-05,3.8039544597268106e-05,0.01593621214851737,0.004834766614591178
star,64,dense_burst,64023,1.1,3.97680327296257e-05,3.789789043366909e-05,0.015082377474755049,0.0051494483076883835
star,64,dense_burst,64024,0.1,3.591109998524189e-05,3.784999717026949e-05,0.01869195280596614,0.0039461418462370685
star,64,dense_burst,64024,1.1,3.959860963126024e-05,4.2487517930567265e-05,0.01566987344995141,0.005238467804095893
star,64,dense_burst,64025,0.1,3.8509707277019815e-05,3.770415205508471e-05,0.0169816673733294,0.004488008018093817
star,64,dense_burst,64025,1.1,3.86097002774477e-05,3.786459565162659e-05,0.014666832983493805,0.005214097413882001
star,128,dense_burst,128021,0.1,5.395275851090749e-05,8.09104647487402e-05,0.0324134211987257,0.004160721647764528
star,128,dense_burst,128021,1.1,5.6865252554416655e-05,9.022289887070656e-05,0.02657750202342868,0.00553431060960739
star,128,dense_burst,128022,0.1,5.7048598925272624e-05,8.132709190249443e-05,0.035728293005377054,0.003873000336370442
star,128,dense_burst,128022,1.1,5.351526973148187e-05,8.100415579974652e-05,0.024945092387497425,0.005392620858708466
star,128,dense_burst,128023,0.1,5.475554304818312e-05,8.400625083595514e-05,0.029565836302936077,0.004693315367857812
star,128,dense_burst,128023,1.1,5.402363215883573e-05,8.125209715217351e-05,0.025203834753483534,0.005367267744536858
star,128,dense_burst,128024,0.1,5.7836109772324565e-05,8.137915283441543e-05,0.02638470521196723,0.0052763622518547815
star,128,dense_burst,128024,1.1,5.817362107336521e-05,8.186874911189079e-05,0.02792458003386855,0.005015021533552321
star,128,dense_burst,128025,0.1,5.990279217561086e-05,8.146455511450767e-05,0.02454854641109705,0.005758685052986034
star,128,dense_burst,128025,1.1,5.404308127860228e-05,8.524791337549686e-05,0.025040827691555023,0.005562555534099809
feedback_ring,16,dense_burst,16021,0.1,2.5781927009423575e-05,1.2487499043345452e-05,0.005572793539613485,0.0068671889207335135
feedback_ring,16,dense_burst,16021,1.1,2.5398594637711842e-05,1.2727058492600918e-05,0.005083541385829449,0.0074998215292570196
feedback_ring,16,dense_burst,16022,0.1,2.7909735217690466e-05,1.2768735177814961e-05,0.0016359579749405384,0.024865229436583758
feedback_ring,16,dense_burst,16022,1.1,2.5554156551758447e-05,1.2810411863029004e-05,0.004381709266453981,0.008755617062159632
feedback_ring,16,dense_burst,16023,0.1,2.799723297357559e-05,1.2485403567552567e-05,0.0051347934640944,0.00788398536848802
feedback_ring,16,dense_burst,16023,1.1,2.797775280972322e-05,1.238540280610323e-05,0.004191374871879816,0.009630051438878748
feedback_ring,16,dense_burst,16024,0.1,2.8102798387408258e-05,1.2377114035189152e-05,0.004431874491274357,0.009133812905193007
feedback_ring,16,dense_burst,16024,1.1,2.809443200627963e-05,1.2352061457931995e-05,0.005361498799175024,0.007543878116774948
feedback_ring,16,dense_burst,16025,0.1,2.5344438229997954e-05,1.2406241148710251e-05,0.005763500928878784,0.006549956327681571
feedback_ring,16,dense_burst,16025,1.1,2.8468063101172446e-05,1.23271020129323e-05,0.004780456889420748,0.008533737686116427
feedback_ring,64,dense_burst,64021,0.1,3.8640263179937996e-05,3.737704828381539e-05,0.01911891996860504,0.003976025402511258
feedback_ring,64,dense_burst,64021,1.1,3.9145831639568014e-05,3.722498659044504e-05,0.010640457272529602,0.007177400018999098
feedback_ring,64,dense_burst,64022,0.1,4.793192880849044e-05,4.136459901928902e-05,0.01294629042968154,0.006897460574733609
feedback_ring,64,dense_burst,64022,1.1,3.6209697524706524e-05,3.717707004398107e-05,0.012279038783162832,0.005976588954936475
feedback_ring,64,dense_burst,64023,0.1,4.082084633409977e-05,3.734375350177288e-05,0.016163792461156845,0.004835783435336091
feedback_ring,64,dense_burst,64023,1.1,3.910834590593974e-05,3.724999260157347e-05,0.01614562375470996,0.004729352031706929
feedback_ring,64,dense_burst,64024,0.1,3.885693537692229e-05,4.1335402056574824e-05,0.01824175426736474,0.004396086925530214
feedback_ring,64,dense_burst,64024,1.1,3.598886542022228e-05,3.731045871973038e-05,0.018571043387055397,0.003946968547337766
feedback_ring,64,dense_burst,64025,0.1,4.1094437862435976e-05,3.787705209106207e-05,0.013986542820930481,0.005646248037457788
feedback_ring,64,dense_burst,64025,1.1,3.587499571343263e-05,3.817079123109579e-05,0.011954542249441147,0.00619394581569946
feedback_ring,128,dense_burst,128021,0.1,6.27222005277872e-05,8.987919427454472e-05,0.03247537882998586,0.0046989873652044595
feedback_ring,128,dense_burst,128021,1.1,5.903886631131172e-05,8.072087075561285e-05,0.029166586231440306,0.004791775628382237
feedback_ring,128,dense_burst,128022,0.1,5.606251458326975e-05,8.136248216032982e-05,0.035009711515158415,0.0039253393071833126
feedback_ring,128,dense_burst,128022,1.1,5.732082451383273e-05,8.144376333802938e-05,0.026525420136749744,0.005231381336712936
feedback_ring,128,dense_burst,128023,0.1,6.060696517427762e-05,8.142294827848673e-05,0.03016278799623251,0.0047087793565536665
feedback_ring,128,dense_burst,128023,1.1,5.642916075885296e-05,8.302708156406879e-05,0.02210149960592389,0.00630980905411247
feedback_ring,128,dense_burst,128024,0.1,5.977360221246878e-05,8.054790087044239e-05,0.03074083151295781,0.004564661922816341
feedback_ring,128,dense_burst,128024,1.1,6.007778768738111e-05,8.090001065284014e-05,0.02981583820655942,0.004728285596519183
feedback_ring,128,dense_burst,128025,0.1,6.024724182983239e-05,8.072080090641976e-05,0.025331631768494844,0.005564901780688887
feedback_ring,128,dense_burst,128025,1.1,5.854026724894841e-05,8.03978880867362e-05,0.026601252611726522,0.005222992968174628
modular_sparse,16,dense_burst,16021,0.1,2.5351361061135927e-05,1.2664590030908585e-05,0.005578375421464443,0.006814878565857533
modular_sparse,16,dense_burst,16021,1.1,2.8287495175997417e-05,1.2629153206944466e-05,0.005151959601789713,0.007941958312081497
modular_sparse,16,dense_burst,16022,0.1,2.818192976216475e-05,1.2493762187659741e-05,0.0016637090593576431,0.024448801141666768
modular_sparse,16,dense_burst,16022,1.1,2.8741670151551566e-05,1.265835016965866e-05,0.004517169203609228,0.009165036432137967
modular_sparse,16,dense_burst,16023,0.1,2.8558339302738507e-05,1.4010444283485413e-05,0.005024082027375698,0.008472947566196385
modular_sparse,16,dense_burst,16023,1.1,2.8243071089188258e-05,1.2637488543987274e-05,0.004400791134685278,0.0092893660212527
modular_sparse,16,dense_burst,16024,0.1,2.884723556538423e-05,1.2508360669016838e-05,0.004969626199454069,0.008321671404369232
modular_sparse,16,dense_burst,16024,1.1,2.9720831662416458e-05,1.2547965161502361e-05,0.0053437077440321445,0.00791001283165694
modular_sparse,16,dense_burst,16025,0.1,3.166665943960349e-05,1.2524984776973725e-05,0.006781288422644138,0.0065167032372509155
modular_sparse,16,dense_burst,16025,1.1,3.2066662485400835e-05,1.252086367458105e-05,0.005540377926081419,0.008047740922164422
modular_sparse,64,dense_burst,64021,0.1,3.559306884805362e-05,3.82603844627738e-05,0.01871891738846898,0.00394539127333944
modular_sparse,64,dense_burst,64021,1.1,3.8327757890025776e-05,4.2308331467211245e-05,0.014234666712582111,0.0056647683423428725
modular_sparse,64,dense_burst,64022,0.1,3.602223781247934e-05,3.75750008970499e-05,0.012466127052903175,0.005903777363827648
modular_sparse,64,dense_burst,64022,1.1,3.5529164597392084e-05,3.696249332278967e-05,0.012007498648017645,0.006037198924203055
modular_sparse,64,dense_burst,64023,0.1,3.597082880636056e-05,3.7131248973309994e-05,0.01633758144453168,0.004474473656205608
modular_sparse,64,dense_burst,64023,1.1,3.969166427850723e-05,4.1125016286969186e-05,0.014915131963789463,0.0054184355030636585
modular_sparse,64,dense_burst,64024,0.1,3.595137968659401e-05,3.7060398608446124e-05,0.01830383390188217,0.003988878979476119
modular_sparse,64,dense_burst,64024,1.1,3.6166670421759285e-05,3.7145870737731454e-05,0.012256914284080267,0.005981321192293217
modular_sparse,64,dense_burst,64025,0.1,4.9647223204374316e-05,3.6785448901355264e-05,0.014487123116850853,0.00596617226267612
modular_sparse,64,dense_burst,64025,1.1,3.550969995558262e-05,3.731453325599432e-05,0.013059288263320923,0.005576432018589813
modular_sparse,128,dense_burst,128021,0.1,5.3500011563301084e-05,7.873545400798321e-05,0.03001749748364091,0.004405279475524256
modular_sparse,128,dense_burst,128021,1.1,5.3554167971014975e-05,7.963546086102724e-05,0.025164831429719925,0.005292689092872042
modular_sparse,128,dense_burst,128022,0.1,5.3516666715343795e-05,7.9774996265769e-05,0.03310095891356468,0.004026821800817687
modular_sparse,128,dense_burst,128022,1.1,5.296802458663781e-05,7.972083985805512e-05,0.024228541646152735,0.005476551844620111
modular_sparse,128,dense_burst,128023,0.1,5.441113996009032e-05,7.927913684397936e-05,0.03045928617939353,0.004389146745484617
modular_sparse,128,dense_burst,128023,1.1,5.629444494843483e-05,8.07812437415123e-05,0.021479414775967598,0.006381723623276519
modular_sparse,128,dense_burst,128024,0.1,5.24514044324557e-05,8.026040159165859e-05,0.029313792940229177,0.004527281962273312
modular_sparse,128,dense_burst,128024,1.1,5.2772198493282e-05,7.980833761394024e-05,0.027660507708787918,0.004793134583899939
modular_sparse,128,dense_burst,128025,0.1,5.258332627514998e-05,8.026668801903724e-05,0.023971036076545715,0.005542105642407895
modular_sparse,128,dense_burst,128025,1.1,5.2106939256191255e-05,8.023751433938742e-05,0.024955712258815765,0.005303172765538966
chain,16,state_switch,16021,0.1,2.327637436489264e-05,1.2591690756380558e-05,0.0013523334637284279,0.02652309218347948
chain,16,state_switch,16021,1.1,2.3493062083919843e-05,1.2570852413773537e-05,0.0013549183495342731,0.02661703896038433
chain,16,state_switch,16022,0.1,2.2881959254542986e-05,1.2414553202688694e-05,0.0013421233743429184,0.026299007328228877
chain,16,state_switch,16022,1.1,2.2936131184299787e-05,1.3822899200022221e-05,0.0013280040584504604,0.027679908167760513
chain,16,state_switch,16023,0.1,2.3227774848540626e-05,1.2495811097323894e-05,0.0013718768022954464,0.026039937322426647
chain,16,state_switch,16023,1.1,2.3543058584133785e-05,1.2406241148710251e-05,0.0013969582505524158,0.025733982900797626
chain,16,state_switch,16024,0.1,2.3348629474639894e-05,1.246458850800991e-05,0.0013632923364639282,0.026269654002120474
chain,16,state_switch,16024,1.1,2.360416886707147e-05,1.2460467405617238e-05,0.0013622073456645012,0.026475144468624156
chain,16,state_switch,16025,0.1,2.606390044093132e-05,1.2445845641195774e-05,0.001385292038321495,0.027799009174114556
chain,16,state_switch,16025,1.1,2.3012499635418256e-05,1.2352108024060727e-05,0.0013472503051161766,0.026249470885389342
chain,64,state_switch,64021,0.1,3.6791665479540825e-05,3.751460462808609e-05,0.0057993801310658455,0.012812795234715966
chain,64,state_switch,64021,1.1,3.671390004456043e-05,3.754999488592148e-05,0.005779000464826822,0.012850646990336823
chain,64,state_switch,64022,0.1,3.653474462529023e-05,3.7420843727886674e-05,0.005802915431559086,0.012744557322164361
chain,64,state_switch,64022,1.1,3.644724686940511e-05,3.760415129363537e-05,0.005759839434176683,0.012856503902460861
chain,64,state_switch,64023,0.1,3.656943639119466e-05,4.179789684712887e-05,0.0058112540282309055,0.013485442704383127
chain,64,state_switch,64023,1.1,3.7156945715347926e-05,3.764585126191378e-05,0.005749210715293884,0.013010968058323807
chain,64,state_switch,64024,0.1,3.679306246340275e-05,3.750624600797892e-05,0.005818991921842098,0.012768415813139844
chain,64,state_switch,64024,1.1,3.685693566997846e-05,3.7739542312920095e-05,0.005755705758929253,0.012960439797877352
chain,64,state_switch,64025,0.1,3.638470855851968e-05,4.044794477522373e-05,0.005964623764157295,0.012881391412388376
chain,64,state_switch,64025,1.1,3.6879163235425946e-05,3.780836705118418e-05,0.005776293575763702,0.012930009409491527
chain,128,state_switch,128021,0.1,5.7715301712354027e-05,8.002710528671741e-05,0.01150471344590187,0.0119726934222892
chain,128,state_switch,128021,1.1,5.2815272162357967e-05,7.918335031718016e-05,0.010995667893439531,0.01200460251789652
chain,128,state_switch,128022,0.1,5.351946068306764e-05,8.014584891498089e-05,0.01191079430282116,0.011222199477190947
chain,128,state_switch,128022,1.1,5.1670831938584644e-05,8.767708204686642e-05,0.011046870145946741,0.012614243866764368
chain,128,state_switch,128023,0.1,5.6806936239202814e-05,7.924169767647982e-05,0.011629130691289902,0.011698951325534732
chain,128,state_switch,128023,1.1,5.043473405142625e-05,7.952915038913488e-05,0.011111873667687178,0.011695946905740134
chain,128,state_switch,128024,0.1,5.6144470969835915e-05,8.846251294016838e-05,0.01187158515676856,0.012180933043095504
chain,128,state_switch,128024,1.1,5.887916001180808e-05,7.98999797552824e-05,0.011155038606375456,0.01244093764837119
chain,128,state_switch,128025,0.1,5.376807724436124e-05,7.911045104265213e-05,0.011458421591669321,0.011596582236389414
chain,128,state_switch,128025,1.1,5.1688899596532185e-05,8.752914145588875e-05,0.011069081258028746,0.012577199300207667
star,16,state_switch,16021,0.1,3.003332143028577e-05,1.2533343397080899e-05,0.0014672516845166683,0.029011154171132324
star,16,state_switch,16021,1.1,2.3502763360738756e-05,1.2472947128117085e-05,0.001406585332006216,0.025576628498993087
star,16,state_switch,16022,0.1,2.3529166355729103e-05,1.2239557690918446e-05,0.001373708713799715,0.02603807028908647
star,16,state_switch,16022,1.1,2.350416034460068e-05,1.2235459871590138e-05,0.0013647093437612057,0.0261884483898166
star,16,state_switch,16023,0.1,2.3866677656769754e-05,1.2329197488725185e-05,0.0013722102157771587,0.02637779163085097
star,16,state_switch,16023,1.1,2.3399991914629936e-05,1.2343749403953552e-05,0.0013722903095185757,0.026046778200396272
star,16,state_switch,16024,0.1,2.3116668065388996e-05,1.2268731370568276e-05,0.001344460528343916,0.02631940372362171
star,16,state_switch,16024,1.1,2.3177762826283774e-05,1.2339535169303418e-05,0.0014152494259178638,0.025096140189247808
star,16,state_switch,16025,0.1,2.5898590683937074e-05,1.2289592996239663e-05,0.0015233750455081463,0.025068143129152055
star,16,state_switch,16025,1.1,2.5661134471495947e-05,1.2375018559396268e-05,0.001510624773800373,0.02517908728267595
star,64,state_switch,64021,0.1,3.648749552667141e-05,3.699788358062506e-05,0.005821123253554106,0.012623917396428557
star,64,state_switch,64021,1.1,3.672639528910319e-05,3.81458317860961e-05,0.00557658402249217,0.013426181112526116
star,64,state_switch,64022,0.1,3.645416970054309e-05,3.703960683196783e-05,0.005790043622255325,0.012693130022375166
star,64,state_switch,64022,1.1,3.639166243374348e-05,4.112711176276207e-05,0.005694040097296238,0.013614019724468504
star,64,state_switch,64023,0.1,3.68125115831693e-05,3.7000002339482305e-05,0.00584879145026207,0.012620130936510696
star,64,state_switch,64023,1.1,3.686250808338324e-05,3.712710458785296e-05,0.005740913096815348,0.0128881262307002
star,64,state_switch,64024,0.1,3.6445834363500275e-05,3.6716647446155545e-05,0.005771794822067022,0.012675863239271305
star,64,state_switch,64024,1.1,3.6101400231321655e-05,4.148748703300953e-05,0.005732417572289705,0.013535107358436866
star,64,state_switch,64025,0.1,3.634168145557245e-05,3.656458575278521e-05,0.005817166529595852,0.012532951710671212
star,64,state_switch,64025,1.1,3.641111155351003e-05,3.683124668896198e-05,0.005609584040939808,0.013056646929243843
star,128,state_switch,128021,0.1,5.768332630395889e-05,8.738955948501825e-05,0.011699040420353413,0.012400408971712459
star,128,state_switch,128021,1.1,5.842916046579679e-05,7.929375860840082e-05,0.01121096545830369,0.01228466179709702
star,128,state_switch,128022,0.1,5.781807315846284e-05,7.922500371932983e-05,0.011721246410161257,0.01169185188010285
star,128,state_switch,128022,1.1,5.1211100071668625e-05,7.886039093136787e-05,0.011060036718845367,0.011760493595957568
star,128,state_switch,128023,0.1,5.79777949800094e-05,7.908334955573083e-05,0.011612791568040848,0.01180260092783731
star,128,state_switch,128023,1.1,5.5612499515215556e-05,8.790208958089351e-05,0.011001999489963055,0.013044409720890745
star,128,state_switch,128024,0.1,6.378614343702794e-05,7.857915479689837e-05,0.011864707805216312,0.011999056409238791
star,128,state_switch,128024,1.1,5.662362091243267e-05,8.261250331997871e-05,0.0116856275126338,0.011915160232677075
star,128,state_switch,128025,0.1,5.781108823915323e-05,8.068960160017014e-05,0.011714532971382141,0.011822980069087836
star,128,state_switch,128025,1.1,5.193750063578288e-05,8.022913243621588e-05,0.011305662803351879,0.0116903038212686
feedback_ring,16,state_switch,16021,0.1,2.323609466354052e-05,1.2562517076730728e-05,0.0013590008020401,0.026341862114085006
feedback_ring,16,state_switch,16021,1.1,2.3234697679678598e-05,1.2512505054473878e-05,0.0013498752377927303,0.02648185679189513
feedback_ring,16,state_switch,16022,0.1,2.337500142554442e-05,1.2408313341438771e-05,0.0013625421561300755,0.026262170756327873
feedback_ring,16,state_switch,16022,1.1,2.369025411705176e-05,1.2491713277995586e-05,0.001356376800686121,0.026675454325630427
feedback_ring,16,state_switch,16023,0.1,2.3394481589396796e-05,1.4150002971291543e-05,0.001362502109259367,0.027555542340478932
feedback_ring,16,state_switch,16023,1.1,2.3554156844814617e-05,1.2522959150373935e-05,0.001362374983727932,0.026481047014287513
feedback_ring,16,state_switch,16024,0.1,2.365416536728541e-05,1.2508290819823741e-05,0.0013714581727981567,0.026367888503174446
feedback_ring,16,state_switch,16024,1.1,2.3520831018686294e-05,1.243960577994585e-05,0.0013689999468624592,0.02626766851309821
feedback_ring,16,state_switch,16025,0.1,2.340135785440604e-05,1.2472900561988353e-05,0.0013829558156430721,0.025940278070064677
feedback_ring,16,state_switch,16025,1.1,2.3976402978102367e-05,1.246458850800991e-05,0.0013771667145192623,0.026460842468758766
feedback_ring,64,state_switch,64021,0.1,3.6593060940504074e-05,3.780624829232693e-05,0.005868834443390369,0.012677016186173284
feedback_ring,64,state_switch,64021,1.1,3.670974013706048e-05,3.76374926418066e-05,0.00562312500551343,0.013221693045409842
feedback_ring,64,state_switch,64022,0.1,3.639166243374348e-05,3.787078894674778e-05,0.00569362286478281,0.01304309279770396
feedback_ring,64,state_switch,64022,1.1,3.640553914010525e-05,3.758328966796398e-05,0.005609086249023676,0.01319088805613353
feedback_ring,64,state_switch,64023,0.1,3.690832915405433e-05,3.743958659470081e-05,0.005842416547238827,0.012725541759581072
feedback_ring,64,state_switch,64023,1.1,3.6536141609152156e-05,3.713539335876703e-05,0.005613421089947224,0.013124177535844158
feedback_ring,64,state_switch,64024,0.1,3.6641675978899e-05,3.712915349751711e-05,0.0058247908018529415,0.012664974929734583
feedback_ring,64,state_switch,64024,1.1,3.8165304188927016e-05,3.733749035745859e-05,0.005569003522396088,0.013557684825076247
feedback_ring,64,state_switch,64025,0.1,3.634029999375343e-05,3.727711737155914e-05,0.005789793562144041,0.012715033200259912
feedback_ring,64,state_switch,64025,1.1,3.690972613791625e-05,3.7683313712477685e-05,0.005600077100098133,0.013320002299448127
feedback_ring,128,state_switch,128021,0.1,5.784582657118638e-05,7.969164289534092e-05,0.011422375682741404,0.01204105636924016
feedback_ring,128,state_switch,128021,1.1,5.787640499571959e-05,8.069584146142006e-05,0.011009876150637865,0.012586176680026628
feedback_ring,128,state_switch,128022,0.1,5.4698592672745385e-05,8.961874991655349e-05,0.011704039294272661,0.012330558618332746
feedback_ring,128,state_switch,128022,1.1,5.06346890081962e-05,8.066459558904171e-05,0.011151705868542194,0.011773919268048449
feedback_ring,128,state_switch,128023,0.1,5.797641351819038e-05,8.009790908545256e-05,0.023186038713902235,0.005955063057876042
feedback_ring,128,state_switch,128023,1.1,0.00011822499024371306,8.08479031547904e-05,0.03018583543598652,0.006594910842228192
feedback_ring,128,state_switch,128024,0.1,5.3734735896190004e-05,8.076874073594808e-05,0.01167283346876502,0.011522778680262325
feedback_ring,128,state_switch,128024,1.1,5.181531111399333e-05,8.37832922115922e-05,0.011183627881109715,0.012124742057505808
feedback_ring,128,state_switch,128025,0.1,5.753473378717899e-05,7.994789630174636e-05,0.011730499099940062,0.011720100646836743
feedback_ring,128,state_switch,128025,1.1,5.1897236456473665e-05,8.05604038760066e-05,0.011142760049551725,0.011887327712653118
modular_sparse,16,state_switch,16021,0.1,2.614447536567847e-05,1.352920662611723e-05,0.0013931654393672943,0.028477365911268582
modular_sparse,16,state_switch,16021,1.1,2.3461133241653443e-05,1.2691644951701164e-05,0.0013795834966003895,0.026205574568297862
modular_sparse,16,state_switch,16022,0.1,2.560000866651535e-05,1.2302096001803875e-05,0.0015127919614315033,0.025054406444924363
modular_sparse,16,state_switch,16022,1.1,2.592500920097033e-05,1.3862503692507744e-05,0.0013297079131007195,0.029921994523367437
modular_sparse,16,state_switch,16023,0.1,2.3190304636955263e-05,1.2489547953009605e-05,0.0013679568655788898,0.02608258599942471
modular_sparse,16,state_switch,16023,1.1,2.3259734734892846e-05,1.243960577994585e-05,0.001355916727334261,0.02632856413315571
modular_sparse,16,state_switch,16024,0.1,2.3409739757577578e-05,1.2402120046317577e-05,0.0013703322038054466,0.026133706632920636
modular_sparse,16,state_switch,16024,1.1,2.369446059068044e-05,1.2389547191560268e-05,0.0013637933880090714,0.026458558971984614
modular_sparse,16,state_switch,16025,0.1,2.5852800657351812e-05,1.24374870210886e-05,0.0013947091065347195,0.02745395975335393
modular_sparse,16,state_switch,16025,1.1,2.3305524761478105e-05,1.2452085502445698e-05,0.001359707210212946,0.026298022100157685
modular_sparse,64,state_switch,64021,0.1,3.62069346010685e-05,4.186669830232859e-05,0.005786956287920475,0.013491312016018806
modular_sparse,64,state_switch,64021,1.1,3.615695362289746e-05,3.7727062590420246e-05,0.005720837041735649,0.012914896137454387
modular_sparse,64,state_switch,64022,0.1,4.262082899610202e-05,3.705413546413183e-05,0.006659789476543665,0.011963586047405213
modular_sparse,64,state_switch,64022,1.1,4.266526860495408e-05,3.729169256985188e-05,0.0064253369346261024,0.012444010639180395
modular_sparse,64,state_switch,64023,0.1,4.202360287308693e-05,3.731250762939453e-05,0.006421957165002823,0.012353883475715552
modular_sparse,64,state_switch,64023,1.1,4.2070836449662845e-05,3.6943750455975535e-05,0.00657770736142993,0.012012481334904106
modular_sparse,64,state_switch,64024,0.1,3.6445834363500275e-05,3.6675017327070236e-05,0.005838038399815559,0.01252490077709674
modular_sparse,64,state_switch,64024,1.1,3.748750314116478e-05,4.131665918976069e-05,0.005859873257577419,0.013448100132374635
modular_sparse,64,state_switch,64025,0.1,3.652499678234259e-05,3.668125718832016e-05,0.0057661691680550575,0.012695821408818534
modular_sparse,64,state_switch,64025,1.1,3.6301386232177416e-05,3.693751059472561e-05,0.005768664181232452,0.01269598897179274
modular_sparse,128,state_switch,128021,0.1,5.6891655549407e-05,8.828956633806228e-05,0.011753955390304327,0.012351690734442233
modular_sparse,128,state_switch,128021,1.1,5.1841667542854944e-05,8.004163391888142e-05,0.01109637413173914,0.01188526088756402
modular_sparse,128,state_switch,128022,0.1,5.79708411047856e-05,8.029374293982983e-05,0.011791465803980827,0.011725818175882507
modular_sparse,128,state_switch,128022,1.1,5.380276901026567e-05,8.008959703147412e-05,0.011094337329268456,0.012068532086951467
modular_sparse,128,state_switch,128023,0.1,5.5409735068678856e-05,7.909999694675208e-05,0.011512791737914085,0.01168350258369233
modular_sparse,128,state_switch,128023,1.1,5.158333418269952e-05,8.131044451147318e-05,0.011054673697799444,0.012021501703901644
modular_sparse,128,state_switch,128024,0.1,5.478609042863051e-05,7.927499245852232e-05,0.011650869157165289,0.011506530635502435
modular_sparse,128,state_switch,128024,1.1,5.168194572130839e-05,8.061875123530627e-05,0.011235419660806656,0.011775323125501842
modular_sparse,128,state_switch,128025,0.1,5.676390913625558e-05,8.94270371645689e-05,0.011553498916327953,0.01265339161405213
modular_sparse,128,state_switch,128025,1.1,5.057219726343949e-05,8.09291610494256e-05,0.011128418147563934,0.011816716137832348
