top_seed,trajectory_count,status,predictor_signed_delta_mse,zero_delta_mse,predictor_minus_zero_mse,predictor_sign_accuracy,predictor_spearman,predictor_precision_top20,input_change_abs_spearman,input_change_abs_precision_top20,prior_residual_spearman,prior_residual_precision_top20,out_degree_spearman,out_degree_precision_top20,distance_to_readout_spearman,distance_to_readout_precision_top20,fixed_seed_random_spearman,fixed_seed_random_precision_top20,path_predictor_mse,path_zero_delta_mse,path_predictor_sign_accuracy,path_predictor_spearman,path_predictor_precision_top20,path_input_change_abs_spearman,path_input_change_abs_precision_top20,path_prior_residual_spearman,path_prior_residual_precision_top20,path_out_degree_spearman,path_out_degree_precision_top20,path_distance_to_readout_spearman,path_distance_to_readout_precision_top20,path_fixed_seed_random_spearman,path_fixed_seed_random_precision_top20,isolated_predictor_mse,isolated_zero_delta_mse,isolated_predictor_sign_accuracy,isolated_predictor_spearman,isolated_predictor_precision_top20,isolated_input_change_abs_spearman,isolated_input_change_abs_precision_top20,isolated_prior_residual_spearman,isolated_prior_residual_precision_top20,isolated_out_degree_spearman,isolated_out_degree_precision_top20,isolated_distance_to_readout_spearman,isolated_distance_to_readout_precision_top20,isolated_fixed_seed_random_spearman,isolated_fixed_seed_random_precision_top20
300,32,OK,0.00014994755563720955,0.001254650895351039,-0.0011047033397138294,0.5690104166666667,0.10085464063550514,0.19724025974025972,-0.015370093357876535,0.27029220779220775,0.04283659187489082,0.12987012987012986,0.23256808812836827,0.2763798701298701,0.29037387560725986,0.4338474025974026,-0.01028982725016907,0.07832792207792208,0.0005821702973906907,0.005018603581404156,0.5690104166666667,0.2652217029874664,0.5984375000000001,-0.0607086000421096,0.0,-0.08629513361692567,0.24687499999999998,-0.051943915202880206,0.0,0.3051213443490775,0.6046875,-0.029073092706677725,0.3140625,5.8733083860491684e-06,0.0,nan,nan,0.0,nan,0.0,nan,0.0,nan,0.0,nan,0.0,nan,0.0
301,32,OK,0.00028762431923471093,0.0020692634558279743,-0.0017816391365932634,0.5768229166666667,0.11125583215336604,0.20251623376623376,-0.01489164317763279,0.2670454545454546,0.06772148426366917,0.14285714285714285,0.22118696504904012,0.2739448051948052,0.2702782033280516,0.4257305194805195,0.01624894974897503,0.09699675324675325,0.0011310366713729696,0.008277053823311897,0.5768229166666667,0.26872212936067463,0.6109375,-0.06019308377552099,0.0,-0.035741261582845706,0.259375,-0.038654170816178404,0.0,0.2807217211018645,0.5953125,0.025583088989509884,0.35624999999999996,6.48686852195807e-06,0.0,nan,nan,0.0,nan,0.0,nan,0.0,nan,0.0,nan,0.0,nan,0.0
302,32,OK,0.00014038926414555882,0.0012815314815200355,-0.0011411422173744764,0.5891927083333333,0.12374104016422907,0.21022727272727273,-0.01505144888277225,0.2690746753246753,0.06778303465103405,0.13920454545454547,0.2305156531135193,0.27516233766233766,0.2850289683138303,0.43181818181818177,0.011130416572090851,0.09496753246753246,0.0005441706175336417,0.005126125926080142,0.5891927083333333,0.28991365488552523,0.6296875,-0.06190768092475602,0.0,-0.05783929749084106,0.221875,-0.04434977555333632,0.0,0.29645651857328154,0.6015625,0.026039193481015355,0.371875,5.795479682864502e-06,0.0,nan,nan,0.0,nan,0.0,nan,0.0,nan,0.0,nan,0.0,nan,0.0
303,32,OK,0.000798031916680436,0.0033215845137280695,-0.0025235525970476336,0.5794270833333333,0.11395648929163593,0.21144480519480519,-0.01644606895750326,0.27840909090909094,0.057104806111735504,0.1424512987012987,0.2419678695743859,0.2808441558441558,0.3089353868068744,0.44155844155844154,-0.005263668869725149,0.08157467532467533,0.0031743690649523315,0.013286338054912278,0.5794270833333333,0.29448897430776566,0.6359375,-0.0659536840923427,0.0,-0.06771788656315855,0.2765625,-0.06770175497568377,0.0,0.32672038190911046,0.6140625,-0.019840432090748674,0.3265625,5.9195339231377125e-06,0.0,nan,nan,0.0,nan,0.0,nan,0.0,nan,0.0,nan,0.0,nan,0.0
304,32,OK,0.00024587766822910413,0.0019610015125156224,-0.0017151238442865181,0.5826822916666667,0.11694833040156385,0.21103896103896103,-0.0159060279087535,0.2739448051948052,0.06332947845140582,0.1416396103896104,0.23535000305813344,0.2771915584415584,0.2927714685837426,0.43506493506493504,0.0215313909848327,0.08969155844155843,0.0009666270264280085,0.007844006050062488,0.5826822916666667,0.2848525490600121,0.6375,-0.06669920143291619,0.0,-0.06368904732765157,0.2375,-0.05057697006596231,0.0,0.30551594742046106,0.6046875,0.038363531089787045,0.3578125,5.627882162802675e-06,0.0,nan,nan,0.0,nan,0.0,nan,0.0,nan,0.0,nan,0.0,nan,0.0
305,32,OK,0.0003844849103545485,0.002289735846312618,-0.0019052509359580691,0.5904947916666666,0.13071015190176952,0.21631493506493507,-0.015167082436550128,0.2739448051948052,0.06892200639725424,0.14082792207792205,0.23238262713305058,0.2771915584415584,0.29727896521553177,0.4366883116883117,-0.0063109386574578255,0.08157467532467533,0.001519418695648339,0.009158943385250471,0.5904947916666666,0.30701836634515756,0.65,-0.06435445053017455,0.0,-0.05950092572784083,0.2484375,-0.06515771819308658,0.0,0.313424450642772,0.6140625,-0.016795430470608535,0.31406249999999997,6.173648589951881e-06,0.0,nan,nan,0.0,nan,0.0,nan,0.0,nan,0.0,nan,0.0,nan,0.0
306,32,OK,0.00010227113505298705,0.0004866084018465242,-0.0003843372667935372,0.5520833333333333,0.07954861770024699,0.18628246753246752,-0.0161316064210689,0.2775974025974026,0.03163312083806272,0.11404220779220779,0.24268189440635898,0.2836850649350649,0.282542939530838,0.4318181818181818,-0.006449100275069947,0.0836038961038961,0.0003908133092621233,0.0019464336073860972,0.5520833333333333,0.2341694385305153,0.5609375000000001,-0.06449100394046998,0.0,-0.11360833566186362,0.18593749999999998,-0.015188279299087781,0.0,0.28156025262855444,0.5843750000000001,-0.012251152437009999,0.328125,6.0904103166082754e-06,0.0,nan,nan,0.0,nan,0.0,nan,0.0,nan,0.0,nan,0.0,nan,0.0
307,32,OK,0.00029868267442891575,0.002637204341135262,-0.002338521666706346,0.6080729166666667,0.14453480350314157,0.2203733766233766,-0.016216911377585654,0.2792207792207792,0.078607941239104,0.13920454545454544,0.24296935894910138,0.2824675324675324,0.30083859741088353,0.4387175324675325,0.007055700727516141,0.09334415584415584,0.0011788296442652182,0.010548817364541049,0.6080729166666667,0.34161297437895743,0.6640625,-0.06839174044589966,0.0,-0.043326494343807996,0.234375,-0.04446368764807947,0.0,0.3093578467682365,0.60625,0.009590882772446758,0.3578125,5.300351150148374e-06,0.0,nan,nan,0.0,nan,0.0,nan,0.0,nan,0.0,nan,0.0,nan,0.0
308,32,OK,0.00037981880121800283,0.001572015081613495,-0.0011921962803954924,0.5729166666666667,0.10474240521847882,0.20170454545454544,-0.016147075405112125,0.2763798701298701,0.04799834363786992,0.13311688311688313,0.24333100788997084,0.2824675324675324,0.2976283412412487,0.4375,0.00499065976115924,0.09009740259740259,0.0015004251248169852,0.00628806032645398,0.5729166666666667,0.27344971019289604,0.59375,-0.06490353756183,0.0,-0.09159887025584915,0.2375,-0.040021115953096306,0.0,0.3050062517865907,0.6015625,0.012279474871902295,0.36406249999999996,6.283360018342063e-06,0.0,nan,nan,0.0,nan,0.0,nan,0.0,nan,0.0,nan,0.0,nan,0.0
309,32,OK,0.0005618019981002879,0.0023934696446343186,-0.0018316676465340309,0.5657552083333333,0.09375047962572841,0.1903409090909091,-0.016004902483829055,0.27881493506493504,0.05084143328469383,0.1335227272727273,0.24532162257304724,0.28409090909090906,0.2864353887840212,0.4334415584415584,0.005205415168619406,0.08887987012987014,0.0022293819800375376,0.009573878578537275,0.5657552083333333,0.253538132145698,0.5984375,-0.062373020936242765,0.0,-0.06484828415306784,0.25,-0.015567986281564968,0.0,0.28515004445850156,0.5859375,0.01478476417273491,0.36875,5.9420041212046e-06,0.0,nan,nan,0.0,nan,0.0,nan,0.0,nan,0.0,nan,0.0,nan,0.0
