version,phase,graph,n,task,seed,status,relative_nrmse,nrmse_limit,wall_seconds,simulated_seconds,wall_time_scope,confirmatory,efficiency_claim_eligible,raw_record
v034e,calibration,chain,16,smooth,271,PASS,9.60826649936511e-10,6.837551017609374e-08,1.7172049172222614,2,single calibration run; diagnostic only,False,False,WP1_v034e/calibration_raw.jsonl
v034e,calibration,chain,16,smooth,281,PASS,6.894478156929431e-10,6.837551017609374e-08,1.7379839159548283,2,single calibration run; diagnostic only,False,False,WP1_v034e/calibration_raw.jsonl
v034e,calibration,chain,16,sparse_pulse,271,PASS,1.0767107116114115e-09,6.837551017609374e-08,1.8230308331549168,2,single calibration run; diagnostic only,False,False,WP1_v034e/calibration_raw.jsonl
v034e,calibration,chain,16,sparse_pulse,281,PASS,7.350659544100149e-10,6.837551017609374e-08,1.862995957955718,2,single calibration run; diagnostic only,False,False,WP1_v034e/calibration_raw.jsonl
v034e,calibration,chain,16,dense_burst,271,PASS,1.1827065690510805e-09,6.837551017609374e-08,2.4028495838865638,2,single calibration run; diagnostic only,False,False,WP1_v034e/calibration_raw.jsonl
v034e,calibration,chain,16,dense_burst,281,PASS,8.073708884662294e-10,6.837551017609374e-08,2.7398376245982945,2,single calibration run; diagnostic only,False,False,WP1_v034e/calibration_raw.jsonl
v034e,calibration,chain,16,state_switch,271,PASS,1.1097969674393383e-09,6.837551017609374e-08,1.8942942502908409,2,single calibration run; diagnostic only,False,False,WP1_v034e/calibration_raw.jsonl
v034e,calibration,chain,16,state_switch,281,PASS,7.717959616222685e-10,6.837551017609374e-08,1.9662233325652778,2,single calibration run; diagnostic only,False,False,WP1_v034e/calibration_raw.jsonl
v034e,calibration,chain,64,smooth,271,PASS,1.2859246107746767e-09,6.837551017609374e-08,7.110990833025426,2,single calibration run; diagnostic only,False,False,WP1_v034e/calibration_raw.jsonl
v034e,calibration,chain,64,smooth,281,PASS,9.686553598425942e-10,6.837551017609374e-08,7.124194582924247,2,single calibration run; diagnostic only,False,False,WP1_v034e/calibration_raw.jsonl
v034e,calibration,chain,64,sparse_pulse,271,PASS,1.2558284653576035e-09,6.837551017609374e-08,7.683767249807715,2,single calibration run; diagnostic only,False,False,WP1_v034e/calibration_raw.jsonl
v034e,calibration,chain,64,sparse_pulse,281,PASS,1.2691589350068723e-09,6.837551017609374e-08,7.760775208007544,2,single calibration run; diagnostic only,False,False,WP1_v034e/calibration_raw.jsonl
v034e,calibration,chain,64,dense_burst,271,PASS,1.2784608090651395e-09,6.837551017609374e-08,11.277803416829556,2,single calibration run; diagnostic only,False,False,WP1_v034e/calibration_raw.jsonl
v034e,calibration,chain,64,dense_burst,281,PASS,1.3980122933422655e-09,6.837551017609374e-08,11.52520937519148,2,single calibration run; diagnostic only,False,False,WP1_v034e/calibration_raw.jsonl
v034e,calibration,chain,64,state_switch,271,PASS,1.3814012215577836e-09,6.837551017609374e-08,8.020707500167191,2,single calibration run; diagnostic only,False,False,WP1_v034e/calibration_raw.jsonl
v034e,calibration,chain,64,state_switch,281,PASS,1.3077716905359944e-09,6.837551017609374e-08,8.064384541939944,2,single calibration run; diagnostic only,False,False,WP1_v034e/calibration_raw.jsonl
v034e,calibration,chain,128,smooth,271,PASS,8.470835020650472e-10,6.837551017609374e-08,14.284601874649525,2,single calibration run; diagnostic only,False,False,WP1_v034e/calibration_raw.jsonl
v034e,calibration,chain,128,smooth,281,PASS,9.879131554027766e-10,6.837551017609374e-08,14.329365124925971,2,single calibration run; diagnostic only,False,False,WP1_v034e/calibration_raw.jsonl
v034e,calibration,chain,128,sparse_pulse,271,PASS,8.507294879743196e-10,6.837551017609374e-08,15.423537584021688,2,single calibration run; diagnostic only,False,False,WP1_v034e/calibration_raw.jsonl
v034e,calibration,chain,128,sparse_pulse,281,PASS,9.920732551411828e-10,6.837551017609374e-08,15.41162333311513,2,single calibration run; diagnostic only,False,False,WP1_v034e/calibration_raw.jsonl
v034e,calibration,chain,128,dense_burst,271,PASS,8.726272592807948e-10,6.837551017609374e-08,21.64573079161346,2,single calibration run; diagnostic only,False,False,WP1_v034e/calibration_raw.jsonl
v034e,calibration,chain,128,dense_burst,281,PASS,1.0087991141361353e-09,6.837551017609374e-08,21.635828542057425,2,single calibration run; diagnostic only,False,False,WP1_v034e/calibration_raw.jsonl
v034e,calibration,chain,128,state_switch,271,PASS,8.449163153047163e-10,6.837551017609374e-08,15.963153874967247,2,single calibration run; diagnostic only,False,False,WP1_v034e/calibration_raw.jsonl
v034e,calibration,chain,128,state_switch,281,PASS,1.0038927359154782e-09,6.837551017609374e-08,16.09533033426851,2,single calibration run; diagnostic only,False,False,WP1_v034e/calibration_raw.jsonl
v034e,calibration,star,16,smooth,271,PASS,6.395736064723075e-11,6.837551017609374e-08,2.438724792096764,2,single calibration run; diagnostic only,False,False,WP1_v034e/calibration_raw.jsonl
v034e,calibration,star,16,smooth,281,PASS,4.5556008574620346e-11,6.837551017609374e-08,2.4391897092573345,2,single calibration run; diagnostic only,False,False,WP1_v034e/calibration_raw.jsonl
v034e,calibration,star,16,sparse_pulse,271,PASS,2.230904805707875e-10,6.837551017609374e-08,2.8339159172028303,2,single calibration run; diagnostic only,False,False,WP1_v034e/calibration_raw.jsonl
v034e,calibration,star,16,sparse_pulse,281,PASS,1.0570121755101469e-10,6.837551017609374e-08,2.834313957951963,2,single calibration run; diagnostic only,False,False,WP1_v034e/calibration_raw.jsonl
v034e,calibration,star,16,dense_burst,271,PASS,4.951205024980084e-10,6.837551017609374e-08,5.906865417025983,2,single calibration run; diagnostic only,False,False,WP1_v034e/calibration_raw.jsonl
v034e,calibration,star,16,dense_burst,281,PASS,2.704894901150067e-10,6.837551017609374e-08,6.0095254997722805,2,single calibration run; diagnostic only,False,False,WP1_v034e/calibration_raw.jsonl
v034e,calibration,star,16,state_switch,271,PASS,3.188300689405307e-10,6.837551017609374e-08,3.175985208712518,2,single calibration run; diagnostic only,False,False,WP1_v034e/calibration_raw.jsonl
v034e,calibration,star,16,state_switch,281,PASS,2.0736654331083313e-10,6.837551017609374e-08,3.204238624777645,2,single calibration run; diagnostic only,False,False,WP1_v034e/calibration_raw.jsonl
v034e,calibration,star,64,smooth,271,PASS,4.543500856184693e-11,6.837551017609374e-08,10.656726374756545,2,single calibration run; diagnostic only,False,False,WP1_v034e/calibration_raw.jsonl
v034e,calibration,star,64,smooth,281,PASS,2.3830180662669398e-11,6.837551017609374e-08,10.086712709162384,2,single calibration run; diagnostic only,False,False,WP1_v034e/calibration_raw.jsonl
v034e,calibration,star,64,sparse_pulse,271,PASS,4.846232737694142e-09,6.837551017609374e-08,11.949304750189185,2,single calibration run; diagnostic only,False,False,WP1_v034e/calibration_raw.jsonl
v034e,calibration,star,64,sparse_pulse,281,PASS,1.2586078253341333e-10,6.837551017609374e-08,11.631662874948233,2,single calibration run; diagnostic only,False,False,WP1_v034e/calibration_raw.jsonl
v034e,calibration,star,64,dense_burst,271,PASS,4.8715728812555414e-09,6.837551017609374e-08,24.346342250239104,2,single calibration run; diagnostic only,False,False,WP1_v034e/calibration_raw.jsonl
v034e,calibration,star,64,dense_burst,281,PASS,3.329455016444894e-10,6.837551017609374e-08,24.062920750118792,2,single calibration run; diagnostic only,False,False,WP1_v034e/calibration_raw.jsonl
v034e,calibration,star,64,state_switch,271,PASS,4.851471746628143e-09,6.837551017609374e-08,13.510811499785632,2,single calibration run; diagnostic only,False,False,WP1_v034e/calibration_raw.jsonl
v034e,calibration,star,64,state_switch,281,PASS,1.7903064680597245e-10,6.837551017609374e-08,13.266976125072688,2,single calibration run; diagnostic only,False,False,WP1_v034e/calibration_raw.jsonl
v034e,calibration,star,128,smooth,271,PASS,8.41897679969152e-11,6.837551017609374e-08,20.23091245815158,2,single calibration run; diagnostic only,False,False,WP1_v034e/calibration_raw.jsonl
v034e,calibration,star,128,smooth,281,PASS,3.2389682484155683e-11,6.837551017609374e-08,21.58828791603446,2,single calibration run; diagnostic only,False,False,WP1_v034e/calibration_raw.jsonl
v034e,calibration,star,128,sparse_pulse,271,PASS,4.751398242129006e-09,6.837551017609374e-08,22.869320624973625,2,single calibration run; diagnostic only,False,False,WP1_v034e/calibration_raw.jsonl
v034e,calibration,star,128,sparse_pulse,281,PASS,6.118663353222645e-11,6.837551017609374e-08,25.214207583107054,2,single calibration run; diagnostic only,False,False,WP1_v034e/calibration_raw.jsonl
v034e,calibration,star,128,dense_burst,271,PASS,4.752321442211422e-09,6.837551017609374e-08,47.7453841669485,2,single calibration run; diagnostic only,False,False,WP1_v034e/calibration_raw.jsonl
v034e,calibration,star,128,dense_burst,281,PASS,2.0877823066950856e-10,6.837551017609374e-08,49.01793275028467,2,single calibration run; diagnostic only,False,False,WP1_v034e/calibration_raw.jsonl
v034e,calibration,star,128,state_switch,271,PASS,4.744716826849736e-09,6.837551017609374e-08,25.896447000093758,2,single calibration run; diagnostic only,False,False,WP1_v034e/calibration_raw.jsonl
v034e,calibration,star,128,state_switch,281,PASS,1.3504803706495248e-10,6.837551017609374e-08,27.685270708985627,2,single calibration run; diagnostic only,False,False,WP1_v034e/calibration_raw.jsonl
v034e,calibration,feedback_ring,16,smooth,271,PASS,4.5342099718768314e-10,6.837551017609374e-08,2.62219495838508,2,single calibration run; diagnostic only,False,False,WP1_v034e/calibration_raw.jsonl
v034e,calibration,feedback_ring,16,smooth,281,PASS,2.039320395841506e-10,6.837551017609374e-08,2.5875722500495613,2,single calibration run; diagnostic only,False,False,WP1_v034e/calibration_raw.jsonl
v034e,calibration,feedback_ring,16,sparse_pulse,271,PASS,5.031735004956354e-10,6.837551017609374e-08,2.931621375028044,2,single calibration run; diagnostic only,False,False,WP1_v034e/calibration_raw.jsonl
v034e,calibration,feedback_ring,16,sparse_pulse,281,PASS,3.486380011526907e-10,6.837551017609374e-08,2.919360791798681,2,single calibration run; diagnostic only,False,False,WP1_v034e/calibration_raw.jsonl
v034e,calibration,feedback_ring,16,dense_burst,271,PASS,7.362412800224105e-10,6.837551017609374e-08,4.950587832834572,2,single calibration run; diagnostic only,False,False,WP1_v034e/calibration_raw.jsonl
v034e,calibration,feedback_ring,16,dense_burst,281,PASS,5.258757095152722e-10,6.837551017609374e-08,4.9734424580819905,2,single calibration run; diagnostic only,False,False,WP1_v034e/calibration_raw.jsonl
v034e,calibration,feedback_ring,16,state_switch,271,PASS,7.697627083580214e-10,6.837551017609374e-08,3.1050628339871764,2,single calibration run; diagnostic only,False,False,WP1_v034e/calibration_raw.jsonl
v034e,calibration,feedback_ring,16,state_switch,281,PASS,5.185136441872992e-10,6.837551017609374e-08,3.104290207847953,2,single calibration run; diagnostic only,False,False,WP1_v034e/calibration_raw.jsonl
v034e,calibration,feedback_ring,64,smooth,271,PASS,7.504396652782407e-10,6.837551017609374e-08,10.189437000080943,2,single calibration run; diagnostic only,False,False,WP1_v034e/calibration_raw.jsonl
v034e,calibration,feedback_ring,64,smooth,281,PASS,6.663417880900409e-10,6.837551017609374e-08,10.29772699996829,2,single calibration run; diagnostic only,False,False,WP1_v034e/calibration_raw.jsonl
v034e,calibration,feedback_ring,64,sparse_pulse,271,PASS,7.770307681405966e-10,6.837551017609374e-08,11.663431666791439,2,single calibration run; diagnostic only,False,False,WP1_v034e/calibration_raw.jsonl
v034e,calibration,feedback_ring,64,sparse_pulse,281,PASS,7.105819971250509e-10,6.837551017609374e-08,11.696201791986823,2,single calibration run; diagnostic only,False,False,WP1_v034e/calibration_raw.jsonl
v034e,calibration,feedback_ring,64,dense_burst,271,PASS,8.434710564214325e-10,6.837551017609374e-08,19.71045724954456,2,single calibration run; diagnostic only,False,False,WP1_v034e/calibration_raw.jsonl
v034e,calibration,feedback_ring,64,dense_burst,281,PASS,8.217176900794472e-10,6.837551017609374e-08,19.938880458008498,2,single calibration run; diagnostic only,False,False,WP1_v034e/calibration_raw.jsonl
v034e,calibration,feedback_ring,64,state_switch,271,PASS,8.756004576789836e-10,6.837551017609374e-08,12.347887875046581,2,single calibration run; diagnostic only,False,False,WP1_v034e/calibration_raw.jsonl
v034e,calibration,feedback_ring,64,state_switch,281,PASS,8.163885721486272e-10,6.837551017609374e-08,12.402859583031386,2,single calibration run; diagnostic only,False,False,WP1_v034e/calibration_raw.jsonl
v034e,calibration,feedback_ring,128,smooth,271,PASS,4.317248132812347e-10,6.837551017609374e-08,20.437708207871765,2,single calibration run; diagnostic only,False,False,WP1_v034e/calibration_raw.jsonl
v034e,calibration,feedback_ring,128,smooth,281,PASS,5.81475429456466e-10,6.837551017609374e-08,20.78006379213184,2,single calibration run; diagnostic only,False,False,WP1_v034e/calibration_raw.jsonl
v034e,calibration,feedback_ring,128,sparse_pulse,271,PASS,5.190972135562493e-10,6.837551017609374e-08,23.09555129194632,2,single calibration run; diagnostic only,False,False,WP1_v034e/calibration_raw.jsonl
v034e,calibration,feedback_ring,128,sparse_pulse,281,PASS,5.757468065925477e-10,6.837551017609374e-08,23.224774125032127,2,single calibration run; diagnostic only,False,False,WP1_v034e/calibration_raw.jsonl
v034e,calibration,feedback_ring,128,dense_burst,271,PASS,7.447365012986364e-10,6.837551017609374e-08,37.1092630000785,2,single calibration run; diagnostic only,False,False,WP1_v034e/calibration_raw.jsonl
v034e,calibration,feedback_ring,128,dense_burst,281,PASS,5.931338070596389e-10,6.837551017609374e-08,37.85399283375591,2,single calibration run; diagnostic only,False,False,WP1_v034e/calibration_raw.jsonl
v034e,calibration,feedback_ring,128,state_switch,271,PASS,7.02020389635281e-10,6.837551017609374e-08,24.126523041632026,2,single calibration run; diagnostic only,False,False,WP1_v034e/calibration_raw.jsonl
v034e,calibration,feedback_ring,128,state_switch,281,PASS,5.863173241564929e-10,6.837551017609374e-08,24.46588033437729,2,single calibration run; diagnostic only,False,False,WP1_v034e/calibration_raw.jsonl
v034e,calibration,modular_sparse,16,smooth,271,PASS,1.252009181688237e-10,6.837551017609374e-08,3.8726972909644246,2,single calibration run; diagnostic only,False,False,WP1_v034e/calibration_raw.jsonl
v034e,calibration,modular_sparse,16,smooth,281,PASS,3.322660787325585e-10,6.837551017609374e-08,4.045374709181488,2,single calibration run; diagnostic only,False,False,WP1_v034e/calibration_raw.jsonl
v034e,calibration,modular_sparse,16,sparse_pulse,271,PASS,4.911966531876998e-10,6.837551017609374e-08,4.432543125003576,2,single calibration run; diagnostic only,False,False,WP1_v034e/calibration_raw.jsonl
v034e,calibration,modular_sparse,16,sparse_pulse,281,PASS,8.650644730199352e-10,6.837551017609374e-08,4.785768208093941,2,single calibration run; diagnostic only,False,False,WP1_v034e/calibration_raw.jsonl
v034e,calibration,modular_sparse,16,dense_burst,271,PASS,1.4928826071095685e-09,6.837551017609374e-08,8.451752041932195,2,single calibration run; diagnostic only,False,False,WP1_v034e/calibration_raw.jsonl
v034e,calibration,modular_sparse,16,dense_burst,281,PASS,8.530453972277846e-10,6.837551017609374e-08,10.124291792046279,2,single calibration run; diagnostic only,False,False,WP1_v034e/calibration_raw.jsonl
v034e,calibration,modular_sparse,16,state_switch,271,PASS,1.1130105149151552e-09,6.837551017609374e-08,4.839283207897097,2,single calibration run; diagnostic only,False,False,WP1_v034e/calibration_raw.jsonl
v034e,calibration,modular_sparse,16,state_switch,281,PASS,1.7357548596790618e-09,6.837551017609374e-08,5.428367250133306,2,single calibration run; diagnostic only,False,False,WP1_v034e/calibration_raw.jsonl
v034e,calibration,modular_sparse,64,smooth,271,PASS,1.5474547227809213e-10,6.837551017609374e-08,28.464313459116966,2,single calibration run; diagnostic only,False,False,WP1_v034e/calibration_raw.jsonl
v034e,calibration,modular_sparse,64,smooth,281,PASS,2.770433165178987e-10,6.837551017609374e-08,28.409192209132016,2,single calibration run; diagnostic only,False,False,WP1_v034e/calibration_raw.jsonl
v034e,calibration,modular_sparse,64,sparse_pulse,271,PASS,6.428401232558343e-10,6.837551017609374e-08,34.59977574972436,2,single calibration run; diagnostic only,False,False,WP1_v034e/calibration_raw.jsonl
v034e,calibration,modular_sparse,64,sparse_pulse,281,PASS,6.011577264900324e-10,6.837551017609374e-08,33.239504375029355,2,single calibration run; diagnostic only,False,False,WP1_v034e/calibration_raw.jsonl
v034e,calibration,modular_sparse,64,dense_burst,271,PASS,9.41620529431576e-10,6.837551017609374e-08,83.00260799983516,2,single calibration run; diagnostic only,False,False,WP1_v034e/calibration_raw.jsonl
v034e,calibration,modular_sparse,64,dense_burst,281,PASS,8.414470190377718e-10,6.837551017609374e-08,74.3295915001072,2,single calibration run; diagnostic only,False,False,WP1_v034e/calibration_raw.jsonl
v034e,calibration,modular_sparse,64,state_switch,271,PASS,1.2467180088514997e-09,6.837551017609374e-08,40.909299708902836,2,single calibration run; diagnostic only,False,False,WP1_v034e/calibration_raw.jsonl
v034e,calibration,modular_sparse,64,state_switch,281,PASS,1.0283592546837135e-09,6.837551017609374e-08,38.81946949986741,2,single calibration run; diagnostic only,False,False,WP1_v034e/calibration_raw.jsonl
v034e,calibration,modular_sparse,128,smooth,271,PASS,2.624995238883027e-10,6.837551017609374e-08,73.56760749965906,2,single calibration run; diagnostic only,False,False,WP1_v034e/calibration_raw.jsonl
v034e,calibration,modular_sparse,128,smooth,281,PASS,2.3314038556251434e-10,6.837551017609374e-08,73.28246337501332,2,single calibration run; diagnostic only,False,False,WP1_v034e/calibration_raw.jsonl
v034e,calibration,modular_sparse,128,sparse_pulse,271,PASS,5.305389158673493e-10,6.837551017609374e-08,91.35668558394536,2,single calibration run; diagnostic only,False,False,WP1_v034e/calibration_raw.jsonl
v034e,calibration,modular_sparse,128,sparse_pulse,281,PASS,4.3375900535227014e-10,6.837551017609374e-08,89.2276772079058,2,single calibration run; diagnostic only,False,False,WP1_v034e/calibration_raw.jsonl
v034e,calibration,modular_sparse,128,dense_burst,271,PASS,6.689705555091951e-10,6.837551017609374e-08,230.14997183298692,2,single calibration run; diagnostic only,False,False,WP1_v034e/calibration_raw.jsonl
v034e,calibration,modular_sparse,128,dense_burst,281,PASS,9.223098169443687e-10,6.837551017609374e-08,213.53750595916063,2,single calibration run; diagnostic only,False,False,WP1_v034e/calibration_raw.jsonl
v034e,calibration,modular_sparse,128,state_switch,271,PASS,9.538833322565321e-10,6.837551017609374e-08,108.73379266727716,2,single calibration run; diagnostic only,False,False,WP1_v034e/calibration_raw.jsonl
v034e,calibration,modular_sparse,128,state_switch,281,PASS,6.005740088962744e-10,6.837551017609374e-08,105.82491512456909,2,single calibration run; diagnostic only,False,False,WP1_v034e/calibration_raw.jsonl
v034h,calibration,chain,16,smooth,293,PASS,8.810588251213508e-10,6.837551017609374e-08,1.7642976250499487,2,single calibration run; diagnostic only,False,False,WP1_v034h/calibration_raw.jsonl
v034h,calibration,chain,16,smooth,307,PASS,7.87117279856186e-10,6.837551017609374e-08,1.8147199591621757,2,single calibration run; diagnostic only,False,False,WP1_v034h/calibration_raw.jsonl
v034h,calibration,chain,16,sparse_pulse,293,PASS,9.150567763860345e-09,6.837551017609374e-08,1.8903537918813527,2,single calibration run; diagnostic only,False,False,WP1_v034h/calibration_raw.jsonl
v034h,calibration,chain,16,sparse_pulse,307,PASS,1.6035916370630984e-08,6.837551017609374e-08,1.8664864171296358,2,single calibration run; diagnostic only,False,False,WP1_v034h/calibration_raw.jsonl
v034h,calibration,chain,16,dense_burst,293,PASS,1.4188385830399268e-08,6.837551017609374e-08,2.4290810828097165,2,single calibration run; diagnostic only,False,False,WP1_v034h/calibration_raw.jsonl
v034h,calibration,chain,16,dense_burst,307,PASS,3.190533514590631e-08,6.837551017609374e-08,2.1440044580958784,2,single calibration run; diagnostic only,False,False,WP1_v034h/calibration_raw.jsonl
v034h,calibration,chain,16,state_switch,293,PASS,1.031950336432928e-08,6.837551017609374e-08,1.9229478747583926,2,single calibration run; diagnostic only,False,False,WP1_v034h/calibration_raw.jsonl
v034h,calibration,chain,16,state_switch,307,PASS,1.424717958400653e-08,6.837551017609374e-08,1.8320841672830284,2,single calibration run; diagnostic only,False,False,WP1_v034h/calibration_raw.jsonl
v034h,calibration,chain,64,smooth,293,PASS,1.1454309555026767e-09,6.837551017609374e-08,7.276240000035614,2,single calibration run; diagnostic only,False,False,WP1_v034h/calibration_raw.jsonl
v034h,calibration,chain,64,smooth,307,PASS,1.0432413161201793e-09,6.837551017609374e-08,7.318009292241186,2,single calibration run; diagnostic only,False,False,WP1_v034h/calibration_raw.jsonl
v034h,calibration,chain,64,sparse_pulse,293,PASS,8.718371328937641e-09,6.837551017609374e-08,7.803997291717678,2,single calibration run; diagnostic only,False,False,WP1_v034h/calibration_raw.jsonl
v034h,calibration,chain,64,sparse_pulse,307,PASS,2.080817439937894e-08,6.837551017609374e-08,7.729926249943674,2,single calibration run; diagnostic only,False,False,WP1_v034h/calibration_raw.jsonl
v034h,calibration,chain,64,dense_burst,293,PASS,2.1369650081293858e-08,6.837551017609374e-08,9.897798374760896,2,single calibration run; diagnostic only,False,False,WP1_v034h/calibration_raw.jsonl
v034h,calibration,chain,64,dense_burst,307,PASS,2.207859834344076e-08,6.837551017609374e-08,9.839375167153776,2,single calibration run; diagnostic only,False,False,WP1_v034h/calibration_raw.jsonl
v034h,calibration,chain,64,state_switch,293,PASS,2.384602901050558e-08,6.837551017609374e-08,7.84780929191038,2,single calibration run; diagnostic only,False,False,WP1_v034h/calibration_raw.jsonl
v034h,calibration,chain,64,state_switch,307,PASS,2.6036843437309105e-08,6.837551017609374e-08,7.8149311249144375,2,single calibration run; diagnostic only,False,False,WP1_v034h/calibration_raw.jsonl
v034h,calibration,chain,128,smooth,293,PASS,1.3178135077269757e-09,6.837551017609374e-08,14.511924208607525,2,single calibration run; diagnostic only,False,False,WP1_v034h/calibration_raw.jsonl
v034h,calibration,chain,128,smooth,307,PASS,1.0048761369373186e-09,6.837551017609374e-08,14.675694458186626,2,single calibration run; diagnostic only,False,False,WP1_v034h/calibration_raw.jsonl
v034h,calibration,chain,128,sparse_pulse,293,PASS,5.4874648509431305e-09,6.837551017609374e-08,15.281479083001614,2,single calibration run; diagnostic only,False,False,WP1_v034h/calibration_raw.jsonl
v034h,calibration,chain,128,sparse_pulse,307,PASS,9.075806184199633e-09,6.837551017609374e-08,15.361083500087261,2,single calibration run; diagnostic only,False,False,WP1_v034h/calibration_raw.jsonl
v034h,calibration,chain,128,dense_burst,293,PASS,1.936666109313899e-08,6.837551017609374e-08,18.644497166853398,2,single calibration run; diagnostic only,False,False,WP1_v034h/calibration_raw.jsonl
v034h,calibration,chain,128,dense_burst,307,PASS,2.8893478991438628e-08,6.837551017609374e-08,18.912878334056586,2,single calibration run; diagnostic only,False,False,WP1_v034h/calibration_raw.jsonl
v034h,calibration,chain,128,state_switch,293,PASS,2.1907014180713808e-08,6.837551017609374e-08,15.433360041119158,2,single calibration run; diagnostic only,False,False,WP1_v034h/calibration_raw.jsonl
v034h,calibration,chain,128,state_switch,307,PASS,2.3449259057958577e-08,6.837551017609374e-08,15.551033250056207,2,single calibration run; diagnostic only,False,False,WP1_v034h/calibration_raw.jsonl
v034h,calibration,star,16,smooth,293,PASS,9.439790725327237e-10,6.837551017609374e-08,2.4665274578146636,2,single calibration run; diagnostic only,False,False,WP1_v034h/calibration_raw.jsonl
v034h,calibration,star,16,smooth,307,PASS,4.1811905503710973e-10,6.837551017609374e-08,2.4922100831754506,2,single calibration run; diagnostic only,False,False,WP1_v034h/calibration_raw.jsonl
v034h,calibration,star,16,sparse_pulse,293,PASS,9.076728404896812e-09,6.837551017609374e-08,2.753151166718453,2,single calibration run; diagnostic only,False,False,WP1_v034h/calibration_raw.jsonl
v034h,calibration,star,16,sparse_pulse,307,PASS,8.854043194355444e-09,6.837551017609374e-08,2.7801849166862667,2,single calibration run; diagnostic only,False,False,WP1_v034h/calibration_raw.jsonl
v034h,calibration,star,16,dense_burst,293,PASS,1.7482728016591838e-08,6.837551017609374e-08,5.342267875093967,2,single calibration run; diagnostic only,False,False,WP1_v034h/calibration_raw.jsonl
v034h,calibration,star,16,dense_burst,307,PASS,1.709141789898855e-08,6.837551017609374e-08,5.27470116596669,2,single calibration run; diagnostic only,False,False,WP1_v034h/calibration_raw.jsonl
v034h,calibration,star,16,state_switch,293,PASS,1.0097358309533198e-08,6.837551017609374e-08,3.118309125304222,2,single calibration run; diagnostic only,False,False,WP1_v034h/calibration_raw.jsonl
v034h,calibration,star,16,state_switch,307,PASS,2.867170493478871e-08,6.837551017609374e-08,3.0925561250187457,2,single calibration run; diagnostic only,False,False,WP1_v034h/calibration_raw.jsonl
v034h,calibration,star,64,smooth,293,PASS,1.243465055084787e-10,6.837551017609374e-08,10.560874207876623,2,single calibration run; diagnostic only,False,False,WP1_v034h/calibration_raw.jsonl
v034h,calibration,star,64,smooth,307,PASS,2.18629426864884e-11,6.837551017609374e-08,10.244158667046577,2,single calibration run; diagnostic only,False,False,WP1_v034h/calibration_raw.jsonl
v034h,calibration,star,64,sparse_pulse,293,PASS,8.92659412789339e-09,6.837551017609374e-08,11.593434500042349,2,single calibration run; diagnostic only,False,False,WP1_v034h/calibration_raw.jsonl
v034h,calibration,star,64,sparse_pulse,307,PASS,8.818674416496989e-09,6.837551017609374e-08,11.49969687499106,2,single calibration run; diagnostic only,False,False,WP1_v034h/calibration_raw.jsonl
v034h,calibration,star,64,dense_burst,293,PASS,3.2158620908104885e-08,6.837551017609374e-08,22.04998212493956,2,single calibration run; diagnostic only,False,False,WP1_v034h/calibration_raw.jsonl
v034h,calibration,star,64,dense_burst,307,PASS,2.5628573087868313e-08,6.837551017609374e-08,21.438766083214432,2,single calibration run; diagnostic only,False,False,WP1_v034h/calibration_raw.jsonl
v034h,calibration,star,64,state_switch,293,PASS,2.9230968481903896e-08,6.837551017609374e-08,12.777052457910031,2,single calibration run; diagnostic only,False,False,WP1_v034h/calibration_raw.jsonl
v034h,calibration,star,64,state_switch,307,PASS,1.978762071268586e-08,6.837551017609374e-08,12.72714704181999,2,single calibration run; diagnostic only,False,False,WP1_v034h/calibration_raw.jsonl
v034h,calibration,star,128,smooth,293,PASS,2.194873673668589e-10,6.837551017609374e-08,21.17999229207635,2,single calibration run; diagnostic only,False,False,WP1_v034h/calibration_raw.jsonl
v034h,calibration,star,128,smooth,307,PASS,2.903270712111872e-09,6.837551017609374e-08,21.095110583119094,2,single calibration run; diagnostic only,False,False,WP1_v034h/calibration_raw.jsonl
v034h,calibration,star,128,sparse_pulse,293,PASS,4.539649668718301e-09,6.837551017609374e-08,23.287180374842137,2,single calibration run; diagnostic only,False,False,WP1_v034h/calibration_raw.jsonl
v034h,calibration,star,128,sparse_pulse,307,PASS,1.4178122612327839e-08,6.837551017609374e-08,23.23177204094827,2,single calibration run; diagnostic only,False,False,WP1_v034h/calibration_raw.jsonl
v034h,calibration,star,128,dense_burst,293,PASS,1.497203119296827e-08,6.837551017609374e-08,43.81994504109025,2,single calibration run; diagnostic only,False,False,WP1_v034h/calibration_raw.jsonl
v034h,calibration,star,128,dense_burst,307,PASS,2.2032069395832827e-08,6.837551017609374e-08,43.934530082624406,2,single calibration run; diagnostic only,False,False,WP1_v034h/calibration_raw.jsonl
v034h,calibration,star,128,state_switch,293,PASS,1.4069056986689306e-08,6.837551017609374e-08,25.962543583940715,2,single calibration run; diagnostic only,False,False,WP1_v034h/calibration_raw.jsonl
v034h,calibration,star,128,state_switch,307,PASS,1.914135356589519e-08,6.837551017609374e-08,25.783132249955088,2,single calibration run; diagnostic only,False,False,WP1_v034h/calibration_raw.jsonl
v034h,calibration,feedback_ring,16,smooth,293,PASS,3.6566073391701934e-10,6.837551017609374e-08,2.6188926668837667,2,single calibration run; diagnostic only,False,False,WP1_v034h/calibration_raw.jsonl
v034h,calibration,feedback_ring,16,smooth,307,PASS,3.3441480452029567e-10,6.837551017609374e-08,2.6020823754370213,2,single calibration run; diagnostic only,False,False,WP1_v034h/calibration_raw.jsonl
v034h,calibration,feedback_ring,16,sparse_pulse,293,PASS,5.546714456697021e-09,6.837551017609374e-08,2.859542583115399,2,single calibration run; diagnostic only,False,False,WP1_v034h/calibration_raw.jsonl
v034h,calibration,feedback_ring,16,sparse_pulse,307,PASS,1.590238058849079e-08,6.837551017609374e-08,2.8352729589678347,2,single calibration run; diagnostic only,False,False,WP1_v034h/calibration_raw.jsonl
v034h,calibration,feedback_ring,16,dense_burst,293,PASS,8.746285880267522e-09,6.837551017609374e-08,4.367636749986559,2,single calibration run; diagnostic only,False,False,WP1_v034h/calibration_raw.jsonl
v034h,calibration,feedback_ring,16,dense_burst,307,PASS,4.1058012374083273e-08,6.837551017609374e-08,4.22336395829916,2,single calibration run; diagnostic only,False,False,WP1_v034h/calibration_raw.jsonl
v034h,calibration,feedback_ring,16,state_switch,293,PASS,8.897736309673747e-09,6.837551017609374e-08,3.0053290422074497,2,single calibration run; diagnostic only,False,False,WP1_v034h/calibration_raw.jsonl
v034h,calibration,feedback_ring,16,state_switch,307,PASS,7.52921887515955e-09,6.837551017609374e-08,2.9672886254265904,2,single calibration run; diagnostic only,False,False,WP1_v034h/calibration_raw.jsonl
v034h,calibration,feedback_ring,64,smooth,293,PASS,6.178096815111402e-10,6.837551017609374e-08,10.61980270827189,2,single calibration run; diagnostic only,False,False,WP1_v034h/calibration_raw.jsonl
v034h,calibration,feedback_ring,64,smooth,307,PASS,4.4668855199111874e-10,6.837551017609374e-08,10.45771029125899,2,single calibration run; diagnostic only,False,False,WP1_v034h/calibration_raw.jsonl
v034h,calibration,feedback_ring,64,sparse_pulse,293,PASS,2.0750421677658753e-08,6.837551017609374e-08,11.458962874952704,2,single calibration run; diagnostic only,False,False,WP1_v034h/calibration_raw.jsonl
v034h,calibration,feedback_ring,64,sparse_pulse,307,PASS,6.45742639263581e-09,6.837551017609374e-08,11.292016957886517,2,single calibration run; diagnostic only,False,False,WP1_v034h/calibration_raw.jsonl
v034h,calibration,feedback_ring,64,dense_burst,293,FAIL,7.034060227662225e-08,6.837551017609374e-08,16.911405624821782,2,single calibration run; diagnostic only,False,False,WP1_v034h/calibration_raw.jsonl
